salary_avg,house_total,business_total,sales_sum,transport_sum,bus_sum,workers_total,popLiv_total,popReg_total,business_total.1,car_total,adminCode,adminCode2,Dong,Cluster
4344,1539,766,85087732446.0,218968,30,6489,17336,11764,1007,3643,11110515,1101072,청운효자동,2
4728,2241,3409,329000000000.0,2413451,31,42160,24976,9371,3551,7958,11110530,1101053,사직동,1
4166,1298,665,117000000000.0,133412,16,4819,5710,2616,738,789,11110540,1101054,삼청동,2
4292,1154,335,44524200614.0,275476,34,3391,13780,9460,540,3179,11110550,1101055,부암동,2
4840,2562,370,79640383007.0,107617,54,2831,17929,17743,665,6598,11110560,1101056,평창동,0
4761,2751,205,49300154159.0,58337,3,1168,6667,8045,581,2846,11110570,1101057,무악동,2
3688,2763,184,33368740615.0,290379,24,3149,7315,9925,320,2938,11110580,1101058,교남동,2
4210,951,599,81594427000.0,63124,23,11457,7132,4084,755,1282,11110600,1101060,가회동,2
4011,1473,15989,1240000000000.0,1970453,67,102464,62487,8711,16072,5835,11110615,1101061,종로1.2.3.4가동,4
3632,950,7668,291000000000.0,550788,18,24745,17091,5896,7726,1789,11110630,1101063,종로5.6가동,1
3661,871,1114,189000000000.0,1524884,20,14500,23910,7651,1338,1706,11110640,1101064,이화동,2
3951,2320,1370,276000000000.0,206065,33,9051,31943,19570,1790,3518,11110650,1101073,혜화동,0
3641,1361,2314,134000000000.0,3698,8,6357,8288,5400,2288,1164,11110670,1101067,창신1동,2
3396,1209,702,59917327403.0,136929,2,2182,9678,8760,844,1411,11110680,1101068,창신2동,2
3937,2041,119,9321771776.0,517082,6,732,4883,6590,261,1699,11110690,1101069,창신3동,2
3838,1298,373,35802948051.0,188918,7,1489,7518,6069,522,1481,11110700,1101070,숭인1동,2
3542,2039,1741,117000000000.0,685659,9,6759,12725,10557,1873,2200,11110710,1101071,숭인2동,2
5405,667,4073,456000000000.0,2371481,27,62169,30208,3558,4208,3994,11140520,1102052,소공동,1
4479,1588,9768,472000000000.0,372684,34,47166,26118,5159,10216,13272,11140540,1102054,회현동,1
4539,451,7040,965000000000.0,2982197,31,105704,39213,3600,6881,8386,11140550,1102055,명동,1
3828,774,3222,167000000000.0,322968,9,24430,12570,4845,3326,2156,11140570,1102057,필동,2
3759,588,768,73329645437.0,1541681,13,7962,12414,5384,908,1308,11140580,1102058,장충동,2
4105,1656,9801,732000000000.0,1393412,20,36057,23658,7013,9459,2443,11140590,1102059,광희동,1
3764,358,9691,227000000000.0,1660103,16,30484,18515,2260,10028,1671,11140605,1102060,을지로동,1
3595,1941,11925,166000000000.0,787680,8,27541,23048,9072,12641,3333,11140615,1102069,신당동,1
3672,1337,1144,131000000000.0,103941,8,8623,15299,13926,1430,3383,11140625,1102070,다산동,2
4329,5512,605,120000000000.0,650735,12,3065,14501,16533,906,4737,11140635,1102071,약수동,0
4092,4328,513,57374591595.0,578206,5,4036,11052,13395,813,3571,11140645,1102072,청구동,2
3789,2886,1080,97178251588.0,175298,9,4059,8170,10472,1346,2973,11140650,1102065,신당5동,2
4256,2834,754,68730721464.0,250454,4,3804,11080,10184,932,2894,11140665,1102073,동화동,2
4022,3435,1877,167000000000.0,218448,7,6098,12964,13693,2038,3428,11140670,1102067,황학동,2
4156,3714,946,89123091898.0,270149,10,7782,8221,12296,1058,3857,11140680,1102068,중림동,2
4020,2088,468,93555287779.0,896828,19,4369,13440,16740,858,4040,11170510,1103051,후암동,2
3751,1479,259,55001645019.0,484834,27,2737,11311,10316,614,2144,11170520,1103052,용산2가동,2
3972,1101,1474,210000000000.0,1129379,21,15681,17526,7552,1706,2602,11170530,1103053,남영동,2
3805,1911,1416,170000000000.0,1306404,24,9122,22914,19856,1890,4299,11170555,1103071,청파동,0
4638,3968,1692,136000000000.0,244114,24,9418,20463,17781,1917,6326,11170560,1103072,원효로1동,0
4586,3750,922,54450493632.0,158254,25,7404,16124,13779,1127,5032,11170570,1103057,원효로2동,0
4266,1855,224,46358723511.0,161724,14,2285,9488,10902,479,3113,11170580,1103058,효창동,2
4410,2725,435,66654159913.0,85507,16,1595,8192,11613,656,3408,11170590,1103059,용문동,2
4742,6097,4574,1010000000000.0,1050117,42,34594,52011,22769,4943,12342,11170625,1103073,한강로동,1
5596,9938,623,206000000000.0,166840,22,3449,25047,25567,836,12516,11170630,1103063,이촌1동,3
4495,2843,152,17828936275.0,77572,9,488,6779,8036,350,3493,11170640,1103064,이촌2동,2
4222,1527,1428,407000000000.0,495432,15,7391,10766,7965,1716,2345,11170650,1103065,이태원1동,2
4046,1832,430,104000000000.0,128424,18,2691,11457,10380,788,2536,11170660,1103066,이태원2동,2
4595,5256,1443,392000000000.0,204201,42,16178,31259,21841,2082,7467,11170685,1103074,한남동,3
4906,3226,206,44468098857.0,236670,24,4117,14669,13424,413,4689,11170690,1103069,서빙고동,2
3784,2574,497,73302096625.0,164161,11,1775,10342,13961,803,3111,11170700,1103070,보광동,2
3971,4851,501,64336478960.0,532533,13,1920,15113,16651,760,4454,11200520,1104052,왕십리2동,2
4155,7846,1463,208000000000.0,223988,26,8459,29459,26879,1848,8105,11200535,1104071,왕십리도선동,3
3910,5379,2391,126000000000.0,354128,28,10826,21749,22598,3248,8488,11200540,1104054,마장동,0
3771,2081,833,222000000000.0,520871,35,9712,25769,14020,1092,2270,11200550,1104055,사근동,0
4132,4253,1093,280000000000.0,389725,28,8430,22529,14041,1399,4225,11200560,1104056,행당1동,0
4612,8267,351,67072285818.0,466810,29,1830,19467,23079,565,6742,11200570,1104057,행당2동,3
4457,4018,144,27659094167.0,135742,31,932,10728,15007,378,4639,11200580,1104058,응봉동,2
4256,5135,270,58114618433.0,301507,36,1516,14195,15065,541,4832,11200590,1104059,금호1가동,0
4174,5912,649,101000000000.0,147965,43,1994,20375,22337,975,6262,11200615,1104072,금호2.3가동,0
4527,4836,420,58193123053.0,429500,26,1882,11875,14351,618,4547,11200620,1104062,금호4가동,0
4884,9607,567,110000000000.0,480667,44,2698,27245,25809,796,8850,11200645,1104073,옥수동,3
4163,3942,1088,81827715225.0,347112,33,6722,19562,15996,1486,10765,11200650,1104065,성수1가1동,0
3962,3004,1660,165000000000.0,742948,12,15345,19360,12333,2128,6465,11200660,1104066,성수1가2동,0
3828,2992,1968,169000000000.0,177458,30,15068,19872,15495,2568,8372,11200670,1104067,성수2가1동,0
4031,2202,4343,236000000000.0,1280068,22,44333,34726,10501,4918,7134,11200690,1104068,성수2가3동,1
3607,1691,409,26866229169.0,90638,12,2197,10566,10398,702,2783,11200720,1104069,송정동,2
3506,2093,1769,131000000000.0,1256030,13,14569,19299,12680,2108,7390,11200790,1104070,용답동,0
3306,2773,2021,567000000000.0,108931,21,14256,41126,27334,2379,4054,11215710,1105053,화양동,0
3597,2214,1077,186000000000.0,270001,24,7425,20654,21410,1595,5068,11215730,1105054,군자동,0
3512,1242,1209,184000000000.0,174843,17,6838,15124,15837,1623,4831,11215740,1105055,중곡1동,2
3550,1488,1216,158000000000.0,461645,16,5740,18342,21197,1666,5266,11215750,1105056,중곡2동,2
3488,1641,882,86437161386.0,104875,24,4267,15211,16153,1344,3990,11215760,1105057,중곡3동,2
3616,1822,899,144000000000.0,135002,32,4253,24923,28229,1515,7471,11215770,1105058,중곡4동,0
3707,807,540,117000000000.0,1418275,9,4640,15558,11522,740,3006,11215780,1105059,능동,2
5203,9282,1075,156000000000.0,552492,36,10839,35684,34245,1375,11711,11215810,1105063,광장동,5
3636,1989,1086,178000000000.0,192584,7,6331,25000,22854,1743,7575,11215820,1105064,자양1동,0
4000,3650,906,94374295563.0,202319,20,6698,21255,24110,1496,8384,11215830,1105065,자양2동,0
4532,7490,741,270000000000.0,199426,17,5673,23006,27769,1310,9413,11215840,1105066,자양3동,3
3789,2994,1414,251000000000.0,394396,12,6275,25906,21362,1993,4919,11215847,1105067,자양4동,0
3642,1334,1357,199000000000.0,924767,10,5645,25113,24096,1894,6169,11215850,1105060,구의1동,0
3755,2332,690,133000000000.0,652056,21,4729,21111,26403,1240,7309,11215860,1105061,구의2동,0
4526,6409,2099,497000000000.0,1180052,26,18396,31076,28404,2618,9132,11215870,1105062,구의3동,3
3655,6388,5108,338000000000.0,2059198,40,30153,40410,36842,5795,9797,11230536,1106081,용신동,1
3661,5375,4105,421000000000.0,800732,27,11722,32641,26468,4820,6468,11230545,1106082,제기동,3
3674,6182,1665,269000000000.0,265868,31,7409,31092,29353,2412,7621,11230560,1106083,전농1동,3
3945,5994,519,91516703833.0,355646,12,4220,16347,18656,916,5521,11230570,1106084,전농2동,0
3852,8687,1485,154000000000.0,215337,25,9339,22392,28476,2242,9517,11230600,1106091,답십리1동,3
3803,9175,1446,106000000000.0,317709,19,5357,22566,27955,2030,8661,11230610,1106086,답십리2동,3
3752,7770,3705,278000000000.0,542261,28,20430,34763,38611,4530,13088,11230650,1106087,장안1동,5
3810,6910,2423,365000000000.0,439384,32,10041,27868,32672,3146,10615,11230660,1106088,장안2동,3
3653,5198,1270,177000000000.0,2513655,24,7825,20597,19102,1727,5141,11230705,1106080,청량리동,0
3668,2321,789,202000000000.0,4016321,9,9447,22404,13678,964,2098,11230710,1106071,회기동,2
3510,3459,726,121000000000.0,336654,15,3823,17716,16340,1035,3879,11230720,1106072,휘경1동,2
3832,5145,375,84047378223.0,738894,17,4121,20361,25390,1156,6377,11230730,1106073,휘경2동,0
3539,3733,936,175000000000.0,386333,26,5429,25996,21266,1519,4094,11230740,1106089,이문1동,0
3953,5816,349,58081742719.0,278033,10,1768,14337,20075,702,5353,11230750,1106090,이문2동,0
3392,3972,1367,105000000000.0,192122,21,5548,20891,24155,1991,7373,11260520,1107052,면목2동,0
3440,3901,589,43087956951.0,316385,16,3191,17022,18645,1089,5237,11260540,1107054,면목4동,2
3351,2795,658,37694732641.0,133871,17,3245,11321,14793,932,4639,11260550,1107055,면목5동,2
3318,3389,1665,187000000000.0,831510,30,6363,26629,33752,2405,8058,11260565,1107071,면목본동,3
3599,4415,909,158000000000.0,168403,28,3770,18128,21774,1473,5999,11260570,1107057,면목7동,0
3429,3764,1323,158000000000.0,774280,12,6457,20614,25058,2828,6173,11260575,1107072,면목3.8동,0
3894,5987,633,111000000000.0,186391,16,6294,18030,23555,1116,8137,11260580,1107059,상봉1동,0
3368,2949,1710,272000000000.0,1132853,15,10221,26199,20615,2081,5443,11260590,1107060,상봉2동,0
3549,2858,594,63188994736.0,713508,14,3458,15132,19232,1047,5613,11260600,1107061,중화1동,2
3283,3067,1558,196000000000.0,539879,28,6657,26516,24773,2136,6202,11260610,1107062,중화2동,0
3857,7356,843,171000000000.0,219126,30,5260,25827,34217,1515,10717,11260620,1107064,묵1동,3
3513,2648,936,118000000000.0,397525,19,3931,18750,18653,1775,5601,11260630,1107065,묵2동,2
3498,5268,1959,277000000000.0,583990,56,10415,39092,36008,2890,10105,11260655,1107073,망우본동,3
3262,1409,663,58036871944.0,134593,11,3104,11835,16243,1089,5203,11260660,1107068,망우3동,2
3841,11847,910,200000000000.0,693456,48,7671,34389,38419,1777,12801,11260680,1107069,신내1동,5
3908,8434,682,135000000000.0,304051,21,4927,17292,20036,1143,6917,11260690,1107070,신내2동,0
4037,3021,639,84811963429.0,418011,50,4801,20877,16809,1077,4813,11290525,1108081,성북동,0
4033,4899,1413,318000000000.0,1708761,40,9044,26175,23101,1889,5748,11290555,1108082,삼선동,3
3605,2215,1551,353000000000.0,539460,18,9481,25300,15954,1899,3442,11290575,1108083,동선동,0
4107,5505,136,39836827197.0,411744,10,1341,13040,14489,387,4198,11290580,1108058,돈암1동,2
4577,7838,217,15532820464.0,166212,29,1924,14110,23565,369,7634,11290590,1108059,돈암2동,0
3604,2388,983,230000000000.0,590006,32,12135,26496,17248,1454,3124,11290600,1108060,안암동,0
3610,3479,831,88084396248.0,433992,10,4737,16372,16719,1442,4442,11290610,1108061,보문동,2
4129,5112,406,75656603734.0,312721,13,1650,13906,18121,755,6147,11290620,1108062,정릉1동,0
3843,4028,492,83698375789.0,240591,55,2625,19191,22893,898,6396,11290630,1108063,정릉2동,0
3474,2293,349,66862590033.0,547961,28,4089,16777,16638,687,3647,11290640,1108064,정릉3동,2
3929,5763,447,111000000000.0,837132,34,3578,18227,24842,876,7265,11290650,1108065,정릉4동,0
4509,11567,739,150000000000.0,1092774,30,3544,35618,34896,1098,10882,11290660,1108066,길음1동,5
3820,5671,892,81205725786.0,320228,22,4663,19217,21822,1198,5059,11290685,1108068,길음2동,0
3980,9491,1352,192000000000.0,183809,54,6722,38991,40050,2006,10720,11290705,1108084,종암동,5
3969,7249,931,122000000000.0,321429,24,4969,23858,26152,1353,7513,11290715,1108071,월곡1동,3
3829,4597,1121,154000000000.0,697791,34,7191,23853,19785,1606,5330,11290725,1108072,월곡2동,0
3400,1572,593,52311010633.0,267930,33,2305,21081,24006,1054,6521,11290760,1108076,장위1동,0
3444,2098,1124,87909953048.0,455828,29,4496,11688,13595,1638,3311,11290770,1108077,장위2동,2
3625,5528,702,43872391422.0,183787,35,3967,7962,15920,902,5160,11290780,1108078,장위3동,0
3642,7412,1371,159000000000.0,913595,30,7659,27316,35250,2102,9738,11290810,1108085,석관동,3
3504,4532,762,119000000000.0,365235,32,3125,22809,23011,1159,5972,11305534,1109069,삼양동,0
3389,2570,1139,179000000000.0,763216,26,6088,23688,21692,1655,4830,11305535,1109070,미아동,0
3448,4976,1294,307000000000.0,991242,56,7408,36306,29774,2004,6965,11305545,1109071,송중동,3
3483,4266,1543,163000000000.0,1239939,17,6723,27208,25875,2188,5807,11305555,1109072,송천동,0
4302,11341,414,98243272570.0,212927,20,1745,20857,30887,761,9426,11305575,1109073,삼각산동,3
3380,2552,1266,267000000000.0,1658722,25,8659,17013,18592,1733,4736,11305595,1109060,번1동,0
3432,2915,281,30931097655.0,262428,36,3011,12196,15295,650,3705,11305603,1109061,번2동,2
3553,6896,349,76979921186.0,212641,36,2150,14515,16315,866,4501,11305608,1109062,번3동,0
3321,2163,1076,175000000000.0,415422,39,5049,16891,20491,1462,5633,11305615,1109063,수유1동,0
3584,3508,841,97935353439.0,289965,15,4413,18067,20986,1357,5375,11305625,1109064,수유2동,0
3276,2094,1798,352000000000.0,630582,23,8113,28254,23882,2305,4984,11305635,1109065,수유3동,0
3498,1990,575,116000000000.0,456595,37,3360,18408,20318,996,5882,11305645,1109074,우이동,0
3384,2487,733,90222490196.0,268709,50,5310,28186,29816,1518,7567,11305660,1109075,인수동,3
3901,7713,563,122000000000.0,215495,21,2766,20647,24417,1361,8140,11320511,1110059,창1동,0
3567,3607,704,102000000000.0,148349,24,3945,28651,28832,1368,8170,11320512,1110060,창2동,0
3450,2246,537,62866408701.0,351038,15,1761,10220,13528,961,3649,11320513,1110061,창3동,2
4232,10961,875,142000000000.0,944282,36,6562,28106,26038,1293,8528,11320514,1110062,창4동,3
4089,7094,943,227000000000.0,299188,18,5590,20053,24262,2150,7801,11320515,1110063,창5동,0
3410,2247,1094,174000000000.0,306320,37,5157,18771,20541,1673,6697,11320521,1110064,도봉1동,0
3820,9048,851,86033479549.0,674161,45,6028,18711,26212,1459,8430,11320522,1110065,도봉2동,3
3555,2919,409,83478561133.0,239696,43,3568,17391,21421,910,6449,11320660,1110051,쌍문1동,0
3488,3618,837,147000000000.0,280113,15,4318,17333,18387,1278,4956,11320670,1110052,쌍문2동,2
3480,2744,547,111000000000.0,232962,16,3483,16879,16902,960,3861,11320680,1110053,쌍문3동,2
4009,6211,250,67851053617.0,175271,15,1427,12999,18317,611,5448,11320681,1110054,쌍문4동,0
3798,5565,1587,257000000000.0,477526,32,9700,22761,28345,2346,10216,11320690,1110055,방학1동,3
3301,1306,699,84315902794.0,131170,20,2137,11878,19185,1222,4880,11320700,1110056,방학2동,2
4009,9302,276,74799180980.0,261546,29,2540,21323,26471,863,8435,11320710,1110057,방학3동,3
3801,5141,841,186000000000.0,384449,45,4735,22497,21535,1421,6905,11350560,1111051,월계1동,0
3658,10997,366,51762307337.0,358317,38,3069,19734,26060,971,7851,11350570,1111052,월계2동,3
3924,12662,360,65456194145.0,358733,24,3155,24294,29193,945,8872,11350580,1111053,월계3동,3
3669,9866,1768,266000000000.0,1079321,48,10103,42044,37145,2705,11093,11350595,1111079,공릉1동,5
4044,11418,958,212000000000.0,702749,59,10675,45782,42672,1884,12122,11350600,1111056,공릉2동,5
4233,9435,588,120000000000.0,688522,35,6722,24596,27539,985,7535,11350611,1111058,하계1동,3
4257,9151,153,41386446664.0,2792753,20,808,17968,21525,370,6245,11350612,1111059,하계2동,3
4607,6925,745,185000000000.0,130912,19,4604,20216,23314,1161,7870,11350619,1111060,중계본동,0
4855,9563,552,203000000000.0,688039,18,3862,24872,26504,940,8500,11350621,1111061,중계1동,3
4018,7412,684,157000000000.0,241391,6,3293,16308,19522,1037,5771,11350624,1111064,중계4동,0
3803,14794,837,175000000000.0,201369,32,4811,33154,33274,1345,8582,11350625,1111078,중계2.3동,3
3945,11228,1029,228000000000.0,601724,29,8081,36576,37724,3018,13770,11350630,1111065,상계1동,5
3941,4582,2033,486000000000.0,1527740,25,9012,29722,19623,2456,6154,11350640,1111066,상계2동,0
3547,6718,860,72325481543.0,326140,22,3707,20101,25187,1635,8076,11350665,1111076,상계3.4동,0
3600,5177,835,106000000000.0,689817,22,2920,18038,23568,1353,5907,11350670,1111069,상계5동,0
3968,14196,1399,320000000000.0,344471,32,14539,45576,32036,1889,8990,11350695,1111077,상계6.7동,5
3849,10016,312,83860928244.0,450776,16,1705,18486,22225,558,6529,11350700,1111072,상계8동,0
3907,8527,328,66116495690.0,112647,21,1975,17777,19969,696,5802,11350710,1111073,상계9동,0
3924,6695,206,31112574600.0,195934,24,1875,13375,18374,458,5355,11350720,1111074,상계10동,0
3608,6264,874,131000000000.0,922609,27,7997,33683,36747,1850,10504,11380510,1112051,녹번동,3
4025,8393,1033,164000000000.0,579742,34,6036,29558,38105,1684,10440,11380520,1112052,불광1동,3
3547,2500,813,224000000000.0,324077,25,3646,21208,27331,1322,6472,11380530,1112072,불광2동,0
3524,2410,1006,214000000000.0,1244950,43,4750,21508,15401,1402,5515,11380551,1112055,갈현1동,0
3551,2336,1047,207000000000.0,503518,32,5499,22472,28106,1541,7545,11380552,1112056,갈현2동,0
3658,3383,486,86692900101.0,288751,31,4722,24914,31967,1205,9398,11380560,1112057,구산동,3
3451,3251,1907,374000000000.0,960780,28,7063,42459,27657,2522,6024,11380570,1112058,대조동,3
3580,3369,1091,221000000000.0,516008,22,6994,23421,33266,1692,9301,11380580,1112059,응암1동,3
3909,7951,421,21551959311.0,185338,34,1758,16166,27917,684,8461,11380590,1112060,응암2동,3
3509,2219,1266,255000000000.0,331718,25,4567,25355,24145,1771,5754,11380600,1112073,응암3동,0
3615,3270,1383,294000000000.0,418262,48,6585,41536,44894,2521,12257,11380625,1112074,역촌동,5
3637,3588,582,120000000000.0,777619,21,3063,23561,26945,1249,8054,11380631,1112065,신사1동,0
3745,3450,332,53647548460.0,538315,31,2041,13002,19369,1599,6307,11380632,1112066,신사2동,0
3755,2628,650,97465486094.0,1264232,13,3609,15684,18678,1146,4635,11380640,1112067,증산동,2
4452,2472,440,32426057004.0,228067,18,2447,11069,13195,735,4012,11380650,1112068,수색동,2
4345,16891,521,238000000000.0,1314494,69,5293,59772,55043,1256,18022,11380690,1112071,진관동,5
3688,5631,628,78909842060.0,398968,37,2387,16686,16895,902,4908,11410520,1113052,천연동,0
3872,4801,485,84168191050.0,210649,14,1799,40318,15833,750,4465,11410555,1113074,북아현동,0
3652,4547,1484,153000000000.0,251130,44,21120,40793,20279,1822,6968,11410565,1113073,충현동,3
3893,2679,3542,905000000000.0,2439218,49,32752,59413,26455,3747,3996,11410585,1113075,신촌동,1
3899,5816,1308,240000000000.0,864753,56,9753,38060,37417,2299,10139,11410615,1113076,연희동,5
3729,5580,644,144000000000.0,167778,21,3884,24772,25072,1088,6631,11410620,1113062,홍제1동,0
4225,3350,886,159000000000.0,2216942,44,3666,15508,17894,1249,3895,11410640,1113064,홍제3동,0
3811,4366,367,53494468280.0,277438,9,1483,10658,13388,568,3727,11410655,1113065,홍제2동,2
3753,6173,576,74474547522.0,606446,29,2121,14353,22659,954,7016,11410660,1113066,홍은1동,0
4478,3473,577,107000000000.0,1150119,68,5528,22393,29474,1132,7383,11410685,1113068,홍은2동,3
3756,5293,554,151000000000.0,377077,15,1330,7716,16968,676,5434,11410690,1113069,남가좌1동,2
4152,6754,857,120000000000.0,370319,27,3762,19718,30589,1445,8524,11410700,1113070,남가좌2동,3
3584,5056,246,41242336722.0,170556,15,2134,14264,17815,631,7554,11410710,1113071,북가좌1동,0
4552,3213,826,171000000000.0,324997,30,5351,35027,31228,2349,8622,11410720,1113072,북가좌2동,3
4088,8935,1537,262000000000.0,822803,21,12946,25527,28244,1894,8377,11440555,1114078,아현동,3
4378,8728,2126,147000000000.0,1383962,33,19396,40693,37393,2726,11811,11440565,1114077,공덕동,5
4606,6577,1720,253000000000.0,211826,34,15047,14976,21005,2044,7831,11440585,1114075,도화동,3
3643,6285,2300,176000000000.0,561209,19,16477,27153,21682,2653,9505,11440590,1114059,용강동,3
3700,2657,1305,199000000000.0,1208804,30,10476,24596,16154,1635,3903,11440600,1114060,대흥동,0
4255,2495,460,73050527005.0,108473,11,4643,16230,17695,710,5167,11440610,1114061,염리동,2
4379,5878,698,77656405426.0,67032,24,5848,16943,22585,1171,7459,11440630,1114063,신수동,0
3761,6219,1133,229000000000.0,746898,65,10129,27884,25535,1735,7654,11440655,1114076,서강동,3
3716,3781,8446,1810000000000.0,5813847,80,54465,76882,26653,9736,8460,11440660,1114066,서교동,4
3586,1736,1475,233000000000.0,1320611,31,10073,22250,16955,2120,6452,11440680,1114068,합정동,0
3763,2412,845,207000000000.0,182097,31,4468,19266,19684,1728,5722,11440690,1114069,망원1동,0
3669,3050,876,142000000000.0,139915,26,3894,15840,18378,1368,5337,11440700,1114070,망원2동,0
3651,2055,831,170000000000.0,212457,20,4998,17775,15481,1406,4130,11440710,1114071,연남동,2
4104,1415,1053,113000000000.0,228192,26,9612,21709,19003,1522,6327,11440720,1114072,성산1동,0
4396,10389,1074,207000000000.0,883111,39,8819,35647,39416,1814,11346,11440730,1114073,성산2동,5
5198,9313,1594,311000000000.0,1473704,90,31416,47234,30679,2242,11370,11440740,1114074,상암동,5
4053,7500,2596,476000000000.0,1742024,25,21000,42466,30432,2961,11622,11470510,1115051,목1동,5
3921,3475,649,129000000000.0,821704,15,3625,23518,29430,1158,8720,11470520,1115052,목2동,0
4236,2798,869,180000000000.0,599813,9,3841,18159,21587,1213,6413,11470530,1115053,목3동,0
5492,3470,847,167000000000.0,277642,9,3522,18075,24810,1328,7340,11470540,1115054,목4동,0
3431,12435,1230,296000000000.0,428397,32,10052,37049,40673,1576,14436,11470550,1115071,목5동,5
3734,2436,1134,124000000000.0,132408,9,4624,14304,20207,1747,8212,11470560,1115057,신월1동,0
3417,4155,554,89921084722.0,201486,10,3349,13503,20523,1238,6865,11470570,1115058,신월2동,2
3734,2314,514,59282840145.0,100237,10,3766,13048,14839,974,5732,11470580,1115059,신월3동,2
3736,3593,527,80897021670.0,173114,9,3748,11198,17666,1134,6444,11470590,1115060,신월4동,2
3695,1927,593,88294945758.0,125660,12,4103,8987,14381,998,4559,11470600,1115061,신월5동,2
3538,4467,426,47884285823.0,152101,13,2272,4067,13934,1575,6805,11470610,1115062,신월6동,2
4971,3357,701,85837408511.0,177498,18,5097,15128,19014,1375,6241,11470611,1115063,신월7동,0
4811,5727,889,116000000000.0,173630,25,4510,15895,19915,1116,8262,11470620,1115064,신정1동,0
4027,5556,748,144000000000.0,96026,11,3279,14045,18928,1088,6345,11470630,1115065,신정2동,0
3655,14184,1109,220000000000.0,792075,59,8318,41730,50568,2013,16082,11470640,1115066,신정3동,5
5270,3212,2100,371000000000.0,834787,14,12763,32182,32908,3081,9013,11470650,1115072,신정4동,3
4472,7581,532,118000000000.0,160591,24,5127,20125,24028,738,8837,11470670,1115069,신정6동,3
4465,10711,589,151000000000.0,347271,28,3902,21229,28502,984,9229,11470680,1115070,신정7동,3
3913,11968,1473,232000000000.0,403531,36,14897,30569,41511,2190,15455,11500510,1116051,염창동,5
4050,4816,1360,211000000000.0,410140,15,12457,22727,24996,1880,9130,11500520,1116052,등촌1동,0
3918,3208,369,60961443246.0,220281,9,2992,15800,19739,727,6853,11500530,1116053,등촌2동,2
4950,13297,1800,423000000000.0,975914,47,18824,40137,29813,2425,8933,11500535,1116054,등촌3동,5
3332,7226,1864,363000000000.0,143770,27,8660,48049,52730,3076,15950,11500540,1116073,화곡1동,5
3411,999,510,46069464660.0,130521,29,2177,12304,17698,821,4892,11500550,1116057,화곡2동,2
3948,3941,732,180000000000.0,156894,9,4124,19846,21489,1174,6429,11500560,1116058,화곡3동,0
3388,1525,904,148000000000.0,435181,30,3239,16977,20327,1401,5822,11500570,1116059,화곡4동,0
3373,1794,730,182000000000.0,1878123,25,3502,28119,33950,1335,9158,11500590,1116055,화곡본동,3
3846,3677,1318,216000000000.0,249857,29,11013,20668,25270,1818,7857,11500591,1116061,화곡6동,0
3418,1386,677,153000000000.0,256414,26,2571,33134,24308,1167,6086,11500593,1116063,화곡8동,0
4248,6817,1058,230000000000.0,1307609,59,11093,49555,34370,1458,25200,11500603,1116064,가양1동,5
3648,7484,406,99196385496.0,62244,12,2982,14515,13847,652,4028,11500604,1116065,가양2동,2
3679,7920,581,46136626297.0,60364,17,6428,10676,14560,888,6113,11500605,1116066,가양3동,0
3965,9385,1586,359000000000.0,753445,63,10586,35824,36212,2288,13878,11500611,1116067,발산1동,5
4346,9960,926,233000000000.0,964610,27,5749,32342,43725,1623,13888,11500615,1116074,우장산동,5
3501,4373,1310,174000000000.0,494093,62,33258,33611,30724,1885,11752,11500620,1116069,공항동,3
3919,10940,1303,275000000000.0,525196,42,6840,32634,42746,3549,15154,11500630,1116070,방화1동,5
3604,5140,1255,111000000000.0,1062366,35,10433,25853,23251,2003,10023,11500640,1116071,방화2동,3
3875,9038,357,55065576496.0,234122,20,3866,16826,22445,913,7419,11500641,1116072,방화3동,0
4386,10830,2133,323000000000.0,2104744,41,13547,33638,36081,2699,12683,11530510,1117051,신도림동,5
4058,6762,354,79427233041.0,108861,20,2582,16503,20816,722,17323,11530520,1117052,구로1동,3
3328,4634,6926,252000000000.0,796918,37,27695,34211,29633,7860,10725,11530530,1117071,구로2동,1
3571,5656,5739,552000000000.0,2582862,42,79253,40797,25017,6797,9527,11530540,1117054,구로3동,1
3474,6744,1535,235000000000.0,214952,20,4747,17872,22922,1996,6584,11530550,1117055,구로4동,0
3808,7829,2827,411000000000.0,726867,34,22554,33790,31829,4812,10322,11530560,1117056,구로5동,3
3181,1111,718,79220855157.0,201309,10,2477,11512,12662,946,2769,11530595,1117070,가리봉동,2
3817,6086,2076,187000000000.0,380233,31,7887,21414,26193,2553,7891,11530720,1117061,고척1동,3
3667,5711,811,123000000000.0,290015,38,3549,15703,26504,1423,8750,11530730,1117062,고척2동,3
3617,7356,1014,170000000000.0,957700,45,4621,31884,34139,1706,11023,11530740,1117072,개봉1동,3
3770,6958,621,159000000000.0,328899,22,2498,22277,30511,1131,9298,11530750,1117064,개봉2동,3
3515,2854,500,78513255365.0,122402,20,2513,15904,20216,992,5682,11530760,1117065,개봉3동,2
3496,4938,743,174000000000.0,417781,15,4372,16304,23241,1091,6904,11530770,1117067,오류1동,0
3718,10224,807,143000000000.0,673823,60,7051,53023,38416,1518,14220,11530780,1117068,오류2동,5
3564,1844,609,76792351107.0,760457,45,5003,23548,23229,1199,8127,11530790,1117069,수궁동,0
3421,3652,11980,982000000000.0,2238178,105,145192,59529,26631,13045,20104,11545510,1118051,가산동,4
3544,10847,3004,240000000000.0,739351,68,21878,36621,47919,3866,17714,11545610,1118052,독산1동,5
3271,1590,665,91828174573.0,280736,8,2726,14010,19428,1162,5227,11545620,1118053,독산2동,2
3339,2882,1516,161000000000.0,451560,21,7477,21521,27140,2189,7440,11545630,1118054,독산3동,0
3286,1480,657,81498130020.0,325490,14,3138,11409,16391,989,4464,11545640,1118055,독산4동,2
3562,6403,2297,329000000000.0,743788,43,13578,27535,33929,2905,11703,11545670,1118057,시흥1동,3
3957,7650,201,32867823402.0,193968,19,1385,15624,20775,563,7167,11545680,1118058,시흥2동,0
3511,587,2964,51556782746.0,107794,17,10040,10082,10599,3360,4340,11545690,1118059,시흥3동,2
3429,2536,381,71585531514.0,220826,24,1556,11330,20504,847,6244,11545700,1118060,시흥4동,2
3410,2869,663,102000000000.0,349338,35,2988,11413,19151,1154,5407,11545710,1118061,시흥5동,0
4002,4821,832,216000000000.0,878755,17,4631,18713,22654,1476,6174,11560515,1119073,영등포본동,0
3849,5703,6046,796000000000.0,1524041,41,34242,52310,30980,6519,10480,11560535,1119074,영등포동,1
5227,10683,8162,845000000000.0,4025897,55,148229,94599,32869,8164,21157,11560540,1119054,여의동,4
4108,4882,2834,187000000000.0,937887,20,16460,25019,21178,3288,7825,11560550,1119055,당산1동,0
4416,9250,1714,289000000000.0,1612633,47,18730,37283,37175,2426,12829,11560560,1119056,당산2동,5
3719,2832,529,74253398048.0,150273,24,2600,14061,19648,1009,5714,11560585,1119075,도림동,2
4413,8895,4600,274000000000.0,936632,42,37898,39458,32479,5401,14080,11560605,1119076,문래동,5
4014,3670,2015,101000000000.0,355845,22,20326,18585,18620,3339,9852,11560610,1119061,양평1동,0
4281,4923,1784,121000000000.0,493578,33,17961,27553,22620,2195,12009,11560620,1119062,양평2동,3
3615,2845,746,137000000000.0,559582,24,5299,18607,20734,1181,4923,11560630,1119063,신길1동,0
3620,4308,652,89205926292.0,189086,24,2397,12845,17235,1013,4898,11560650,1119065,신길3동,2
3712,3314,295,32271564668.0,120339,11,1589,8023,13052,549,3681,11560660,1119066,신길4동,2
3545,1408,298,42712314555.0,117580,19,2093,10753,11133,702,3509,11560670,1119067,신길5동,2
3880,4200,714,149000000000.0,549108,24,4016,18935,19471,1321,5314,11560680,1119068,신길6동,0
4166,6420,358,50772416849.0,488712,32,3065,17240,19967,546,6685,11560690,1119069,신길7동,0
3477,3236,755,120000000000.0,164007,17,3880,15985,16368,1191,4911,11560700,1119070,대림1동,2
3489,2999,909,166000000000.0,138114,12,4090,18618,17582,1342,4078,11560710,1119071,대림2동,2
3743,5326,1681,147000000000.0,1154437,41,9609,24214,25234,2850,8018,11560720,1119072,대림3동,3
4258,9345,2429,426000000000.0,1849780,52,11141,34839,32335,2275,8720,11590510,1120072,노량진1동,5
3568,1641,681,232000000000.0,398637,12,4833,18038,11265,1465,2510,11590520,1120052,노량진2동,2
4326,10004,1085,278000000000.0,1556154,45,6999,45676,46469,1684,12530,11590530,1120053,상도1동,5
3680,6913,856,184000000000.0,579931,34,4271,21683,28000,1265,8296,11590540,1120054,상도2동,3
3654,1951,579,117000000000.0,250931,34,2261,17317,24535,929,5762,11590550,1120055,상도3동,0
4356,2131,445,107000000000.0,204588,33,2469,23136,28510,980,6920,11590560,1120056,상도4동,0
3677,8302,1156,237000000000.0,655899,50,9164,33902,31020,1528,9127,11590605,1120071,흑석동,3
4323,1776,1499,264000000000.0,253212,12,9442,24589,23030,1850,5524,11590620,1120063,사당1동,0
4340,7145,1228,309000000000.0,1496765,32,4954,33022,28689,1586,7997,11590630,1120073,사당2동,3
3842,5819,543,75200432952.0,177111,22,3758,19207,24118,980,7137,11590640,1120065,사당3동,0
3975,1679,392,85329218003.0,350372,3,1422,13865,14130,671,3490,11590650,1120066,사당4동,2
4288,2177,244,28801579666.0,126113,29,1319,11050,14395,490,4212,11590651,1120067,사당5동,2
4257,8034,1115,240000000000.0,1280323,49,11906,40380,36348,1628,10581,11590660,1120068,대방동,5
4169,5429,744,104000000000.0,181561,13,4398,22083,25121,1049,7645,11590670,1120069,신대방1동,0
3538,3782,900,191000000000.0,436742,28,22200,25130,22412,1229,5643,11590680,1120070,신대방2동,0
4180,2740,1008,144000000000.0,326787,25,6050,17087,24667,1421,6144,11620525,1121052,보라매동,0
4105,4840,237,50522487804.0,211921,7,866,11414,15025,442,4433,11620545,1121054,청림동,2
3621,9044,439,66779102433.0,275817,31,2172,22481,28741,835,8363,11620565,1121079,성현동,3
3648,4694,1042,218000000000.0,503166,17,5626,23617,29666,1427,6288,11620575,1121057,행운동,0
3479,2070,954,255000000000.0,466992,36,8052,24258,17990,1247,3944,11620585,1121058,낙성대동,0
3418,5612,1442,320000000000.0,118228,16,11005,38113,37252,1909,7564,11620595,1121080,청룡동,3
3602,7086,1069,187000000000.0,411429,44,6787,28135,33181,1643,8725,11620605,1121078,은천동,3
3849,1963,713,192000000000.0,107364,9,4826,15671,15787,1465,2986,11620615,1121061,중앙동,2
3345,2150,690,140000000000.0,1011489,24,4102,24473,26131,1094,5906,11620625,1121062,인헌동,0
3353,2571,657,158000000000.0,2294297,7,5469,23847,18135,913,5038,11620630,1121063,남현동,0
3439,1764,942,347000000000.0,2445587,21,6844,22064,23668,1302,5054,11620645,1121064,서원동,0
3332,2036,577,78215638609.0,78201,10,2038,16814,18691,829,3301,11620655,1121065,신원동,2
3125,2802,495,87249017043.0,407211,24,2313,17318,24549,904,5507,11620665,1121066,서림동,0
4016,1951,861,125000000000.0,1770522,18,4090,20712,24760,906,5107,11620685,1121068,신사동_관,0
3398,2073,1420,334000000000.0,648308,17,5417,28169,24176,1634,4633,11620695,1121069,신림동,0
3491,4318,171,38244964634.0,170113,15,1895,10245,14997,398,4856,11620715,1121071,난향동,2
3664,2089,1370,162000000000.0,5225673,26,6114,27396,20895,2066,4718,11620725,1121072,조원동,0
3620,3108,1323,185000000000.0,718487,53,12113,32663,26871,1724,4945,11620735,1121073,대학동,3
3382,6556,509,64820327276.0,285728,31,1872,19021,20520,1051,6120,11620745,1121082,삼성동,0
5009,4788,908,138000000000.0,460723,38,5477,20407,30515,1585,8381,11620765,1121083,미성동,3
5115,2411,423,82364888078.0,328707,21,1872,17619,26411,918,6377,11620775,1121081,난곡동,0
4963,4970,3140,358000000000.0,1552022,31,29048,31348,20496,3655,16814,11650510,1122051,서초1동,1
5825,6382,4310,402000000000.0,3009609,45,46480,46985,27047,4520,9900,11650520,1122052,서초2동,1
5301,6412,6800,555000000000.0,2136827,75,69013,63546,32418,7518,15292,11650530,1122053,서초3동,1
5680,9096,2793,700000000000.0,375342,39,25370,41724,30550,2954,11850,11650531,1122054,서초4동,5
5032,10667,2027,261000000000.0,414646,25,15909,32951,26398,2446,9927,11650540,1122055,잠원동,3
5853,4794,584,91843620956.0,92585,4,2264,3781,283,655,2362,11650550,1122056,반포본동,2
5574,7004,1404,281000000000.0,615936,22,8952,32685,34547,1645,11692,11650560,1122057,반포1동,3
5329,6546,379,88374034013.0,295649,20,2202,16009,15749,460,5847,11650570,1122058,반포2동,0
5194,7183,860,207000000000.0,416442,13,6458,25001,23784,958,7837,11650580,1122059,반포3동,3
4656,3952,3309,813000000000.0,3055166,32,27773,44109,19448,3579,7046,11650581,1122060,반포4동,1
4478,3814,1329,198000000000.0,219476,23,10540,17649,20711,1669,8191,11650590,1122061,방배본동,0
5039,2351,1431,235000000000.0,636887,21,12514,20387,16830,1756,7371,11650600,1122062,방배1동,0
4923,2901,1400,228000000000.0,292555,36,17476,21488,18436,1976,6250,11650610,1122063,방배2동,0
4631,4710,734,73702569459.0,761110,47,11072,17705,17194,1184,7073,11650620,1122064,방배3동,0
4198,4241,1782,256000000000.0,303556,26,14183,26881,23339,2403,7902,11650621,1122065,방배4동,0
4580,11315,2946,342000000000.0,2120348,70,35763,54303,42671,3707,21321,11650651,1122066,양재1동,5
4024,1295,4758,328000000000.0,706948,47,47028,37819,21713,5332,12855,11650652,1122067,양재2동,1
4567,5325,377,38978408482.0,280979,60,5671,24771,17365,644,8312,11650660,1122068,내곡동,3
5558,3925,4570,996000000000.0,758978,16,28815,37366,15787,3098,7876,11680510,1123051,신사동_강,1
5255,2654,5131,833000000000.0,2065923,18,39403,44155,22023,5770,10529,11680521,1123052,논현1동,1
5331,3468,5392,580000000000.0,1588942,26,58249,44603,20811,5731,10295,11680531,1123053,논현2동,1
5006,8012,4089,973000000000.0,2055959,24,31573,44114,25805,4360,12272,11680545,1123077,압구정동,1
6447,7683,4064,832000000000.0,363582,24,38204,42769,25392,4597,11850,11680565,1123078,청담동,1
5709,3328,3595,890000000000.0,1747304,33,56107,41622,12662,4292,8378,11680580,1123058,삼성1동,1
4513,7257,3183,371000000000.0,931163,24,33007,41007,30928,3872,12080,11680590,1123059,삼성2동,5
4116,6873,863,371000000000.0,380019,16,6945,28021,23805,1013,14360,11680600,1123060,대치1동,3
5094,10125,3167,593000000000.0,2545767,32,46323,47733,37038,3579,15069,11680610,1123079,대치2동,5
5367,2449,3099,690000000000.0,2015953,16,28360,37492,19237,3756,10306,11680630,1123063,대치4동,1
5951,3895,13674,1970000000000.0,3810378,44,147147,105746,35409,15116,21372,11680640,1123064,역삼1동,4
4791,8988,3109,350000000000.0,485366,26,34812,55741,37321,3489,15305,11680650,1123065,역삼2동,5
4783,5931,1309,232000000000.0,667042,23,15804,35699,20914,1656,8974,11680655,1123066,도곡1동,3
4411,9772,1746,247000000000.0,820246,20,21296,29515,32768,1970,13615,11680656,1123067,도곡2동,5
4261,1506,230,13931799129.0,117586,18,1510,8743,6912,490,3599,11680660,1123068,개포1동,2
5413,6743,676,85160983547.0,384067,31,3424,25102,34192,902,9948,11680670,1123080,개포2동,3
4166,3709,2007,139000000000.0,190754,29,11679,15851,23614,2403,8563,11680690,1123071,개포4동,0
4825,12225,355,126000000000.0,461121,64,3138,45469,43960,897,18782,11680700,1123076,세곡동,5
4239,6988,220,125000000000.0,506610,27,8235,25320,22906,526,8384,11680720,1123072,일원본동,3
3846,3539,660,107000000000.0,102198,15,4609,15672,14884,1917,4641,11680730,1123073,일원1동,2
4362,7243,1249,152000000000.0,1154545,16,16569,23109,14263,1650,5261,11680750,1123075,수서동,0
4086,2488,367,56847579970.0,197892,6,2531,15119,12772,785,4332,11710510,1124051,풍납1동,2
4039,6034,674,144000000000.0,877024,24,14376,35695,24326,1188,7921,11710520,1124052,풍납2동,3
3738,1952,474,64846704815.0,374715,5,2392,12458,12260,895,4131,11710531,1124053,거여1동,2
3762,4748,626,116000000000.0,91511,10,3842,16628,23746,1082,5929,11710532,1124054,거여2동,0
4546,3312,447,62140891808.0,308178,14,1656,12252,18528,998,5933,11710540,1124055,마천1동,2
3894,2259,759,119000000000.0,193630,10,4056,14645,18089,1343,5779,11710550,1124056,마천2동,2
5730,2273,1013,179000000000.0,317516,8,9163,17406,15338,1359,6826,11710561,1124057,방이1동,0
4406,1554,2389,416000000000.0,384200,14,18659,37147,26511,3030,7876,11710562,1124058,방이2동,3
4015,6039,432,65577116036.0,673821,25,4183,18563,17769,533,6695,11710566,1124059,오륜동,0
4846,7583,1577,223000000000.0,593468,35,14566,37231,37957,3214,13855,11710570,1124060,오금동,5
3869,1672,1589,215000000000.0,538228,11,10996,30292,23875,2528,7718,11710580,1124061,송파1동,0
3803,4695,608,111000000000.0,62291,9,4713,17854,18931,938,6722,11710590,1124062,송파2동,0
4447,1576,1918,288000000000.0,775961,18,14242,28967,31603,2722,9988,11710600,1124063,석촌동,3
4078,956,1276,272000000000.0,223144,12,10014,29329,29726,1969,8944,11710610,1124064,삼전동,0
4683,5307,3009,298000000000.0,278069,25,27026,39073,25788,3647,12638,11710620,1124065,가락본동,3
4458,9761,3097,162000000000.0,982905,10,11090,28270,27611,2954,11407,11710631,1124066,가락1동,3
4883,6690,1193,246000000000.0,582639,22,8940,26474,31573,1936,10988,11710632,1124067,가락2동,3
4270,3404,1045,147000000000.0,129134,17,6661,20640,19791,1397,10929,11710641,1124068,문정1동,0
4373,6216,2240,391000000000.0,1054935,18,11286,41918,28891,2802,14066,11710642,1124069,문정2동,3
3997,8522,797,141000000000.0,401309,39,11040,33167,29053,3032,11057,11710646,1124070,장지동,3
5714,1738,2393,599000000000.0,522915,11,16389,35533,28383,479,8821,11710650,1124071,잠실본동,3
5418,11291,648,173000000000.0,786159,7,3816,29881,35000,1523,12331,11710670,1124079,잠실2동,3
5288,11372,1244,313000000000.0,546449,20,9232,48766,34134,1444,12002,11710680,1124080,잠실3동,5
5320,6899,307,85184685067.0,632622,7,1684,20216,21243,2445,10094,11710690,1124075,잠실4동,3
5591,5994,1559,437000000000.0,3606263,15,31220,42768,16666,196,12816,11710710,1124077,잠실6동,1
4091,4548,123,35258758258.0,567949,3,931,9955,9434,782,3619,11710720,1124078,잠실7동,2
4404,11669,436,88831957871.0,340423,48,16346,51336,33082,912,12836,11740515,1125051,강일동,5
4931,7018,1273,265000000000.0,455363,23,5495,26048,25572,1655,8325,11740530,1125053,명일1동,3
4446,4348,1062,214000000000.0,418102,17,4658,16063,17306,1304,5862,11740540,1125054,명일2동,0
3706,7178,265,37331697154.0,106129,22,1860,24902,23937,581,8722,11740550,1125055,고덕1동,0
3821,6144,362,43968193797.0,146346,15,1958,21100,22904,1798,7892,11740560,1125056,고덕2동,0
4331,3929,1073,164000000000.0,88925,14,4581,27382,34324,1892,10350,11740570,1125072,암사1동,3
4734,4316,521,95657365862.0,574082,7,3970,15059,15035,819,5030,11740580,1125058,암사2동,2
3646,5017,325,76200176326.0,100203,8,1791,13644,17506,596,6284,11740590,1125059,암사3동,2
3692,3621,759,108000000000.0,326816,15,4459,31092,26623,1504,8796,11740600,1125061,천호1동,0
3708,4129,2749,474000000000.0,133392,30,13623,45047,33836,3685,9508,11740610,1125073,천호2동,3
4127,5646,1267,213000000000.0,70807,10,6922,27309,26765,1816,7587,11740620,1125063,천호3동,0
3687,3475,1784,171000000000.0,454657,20,15643,23985,19775,2090,8286,11740640,1125065,성내1동,0
3870,3019,1324,215000000000.0,1732484,16,6942,24568,23414,1950,6502,11740650,1125066,성내2동,0
3915,3303,1782,306000000000.0,141741,14,9738,27052,22984,2422,7122,11740660,1125067,성내3동,0
4756,9549,2635,420000000000.0,517897,36,17639,56160,45225,3968,15958,11740685,1125074,길동,5
4207,6873,260,4997140661.0,331987,9,1220,4720,74,416,562,11740690,1125070,둔촌1동,2
4206,5554,998,149000000000.0,487627,29,8495,27695,24212,1565,8063,11740700,1125071,둔촌2동,3
