행정동_ID,승객_수,승객_수_00시,승객_수_01시,승객_수_02시,승객_수_03시,승객_수_04시,승객_수_05시,승객_수_06시,승객_수_07시,승객_수_08시,승객_수_09시,승객_수_10시,승객_수_11시,승객_수_12시,승객_수_13시,승객_수_14시,승객_수_15시,승객_수_16시,승객_수_17시,승객_수_18시,승객_수_19시,승객_수_20시,승객_수_21시,승객_수_22시,승객_수_23시
1101053,2413451.0,12924.0,2504.0,3072.0,428.0,2577.0,9270.0,17462.0,43761.0,70054.0,62440.0,63391.0,85307.0,100421.0,117238.0,140460.0,170002.0,209607.0,261409.0,372067.0,177290.0,154949.0,170503.0,119318.0,46997.0
1101054,133412.0,399.0,81.0,23.0,8.0,74.0,374.0,1039.0,3049.0,4254.0,3741.0,3426.0,5153.0,7033.0,7920.0,9530.0,11808.0,14316.0,14885.0,14414.0,9873.0,8757.0,7089.0,4493.0,1673.0
1101055,275476.0,544.0,50.0,2.0,0.0,748.0,3222.0,5953.0,14430.0,18622.0,14647.0,14336.0,14608.0,16801.0,17720.0,19921.0,22408.0,25157.0,25266.0,19669.0,13307.0,10153.0,8363.0,6609.0,2940.0
1101056,251130.0,668.0,46.0,0.0,0.0,809.0,3036.0,6715.0,17399.0,18217.0,15394.0,14053.0,14674.0,16071.0,16139.0,17218.0,18647.0,20097.0,21176.0,16163.0,10243.0,7838.0,7851.0,6254.0,2422.0
1101057,58337.0,1318.0,403.0,21.0,24.0,50.0,443.0,661.0,1770.0,2512.0,2391.0,2546.0,3301.0,3069.0,3056.0,3579.0,4635.0,4602.0,4704.0,4783.0,3917.0,3042.0,2900.0,3034.0,1576.0
1101058,290379.0,1890.0,648.0,201.0,255.0,462.0,2127.0,4724.0,12456.0,17310.0,13971.0,13987.0,15035.0,15044.0,15750.0,18067.0,22271.0,23648.0,24196.0,24220.0,16289.0,14695.0,14254.0,13086.0,5793.0
1101060,63124.0,0.0,0.0,0.0,0.0,0.0,21.0,1382.0,3356.0,4978.0,4852.0,3982.0,4091.0,3877.0,3971.0,4070.0,4570.0,5863.0,6352.0,5255.0,2404.0,1625.0,1342.0,875.0,258.0
1101061,5225673.0,38648.0,14650.0,6506.0,5223.0,7135.0,24448.0,31260.0,61744.0,112533.0,108647.0,123386.0,174665.0,228245.0,270034.0,330358.0,401025.0,459606.0,593545.0,682918.0,387798.0,345199.0,374859.0,298433.0,144808.0
1101063,1970453.0,5168.0,1432.0,824.0,580.0,2112.0,18465.0,16971.0,29200.0,46094.0,53301.0,65484.0,90039.0,116792.0,137959.0,164188.0,182604.0,201358.0,240725.0,206259.0,121540.0,92761.0,91045.0,59666.0,25886.0
1101064,1524884.0,6308.0,1063.0,388.0,243.0,1780.0,7681.0,14611.0,33748.0,46550.0,42737.0,47972.0,65218.0,69087.0,73460.0,88026.0,111186.0,130804.0,148856.0,151433.0,96824.0,96237.0,126834.0,117921.0,45917.0
1101067,299188.0,5497.0,3096.0,2170.0,1963.0,5304.0,7858.0,7234.0,9832.0,16385.0,15170.0,13254.0,14573.0,17068.0,17242.0,18638.0,20742.0,21894.0,21252.0,19981.0,15053.0,12083.0,12682.0,12089.0,8128.0
1101068,3698.0,6.0,0.0,0.0,0.0,0.0,4.0,166.0,211.0,263.0,212.0,229.0,224.0,217.0,228.0,192.0,258.0,242.0,313.0,295.0,222.0,194.0,105.0,77.0,40.0
1101069,136929.0,126.0,6.0,0.0,0.0,195.0,2679.0,6312.0,15301.0,18996.0,11509.0,8717.0,7947.0,8150.0,7459.0,6924.0,7381.0,8772.0,7843.0,6448.0,3963.0,3238.0,2354.0,1709.0,900.0
1101070,188918.0,2605.0,1226.0,675.0,406.0,553.0,1439.0,2234.0,4875.0,8520.0,7446.0,7407.0,8486.0,10892.0,12188.0,13298.0,14518.0,15795.0,16904.0,15535.0,12029.0,9463.0,8679.0,8408.0,5337.0
1101071,685659.0,1879.0,887.0,580.0,669.0,2891.0,11265.0,12559.0,22908.0,36089.0,30408.0,28907.0,36120.0,47596.0,55255.0,63852.0,69085.0,73755.0,65532.0,48548.0,24840.0,17923.0,15508.0,12380.0,6223.0
1101072,211921.0,126.0,10.0,2.0,0.0,274.0,1324.0,4203.0,9429.0,13026.0,10534.0,10069.0,11342.0,12644.0,13869.0,17859.0,19335.0,22278.0,21525.0,16921.0,9130.0,6779.0,6124.0,3770.0,1348.0
1101073,503166.0,6225.0,1497.0,611.0,256.0,2201.0,5522.0,10263.0,20435.0,30173.0,24513.0,20789.0,23001.0,25123.0,27348.0,28670.0,31744.0,33879.0,36690.0,33396.0,28166.0,27345.0,33084.0,33575.0,18660.0
1102052,2371481.0,12226.0,3145.0,1730.0,804.0,1882.0,9446.0,12465.0,27248.0,42861.0,45430.0,55969.0,81600.0,89989.0,107033.0,130752.0,162782.0,184617.0,264382.0,422308.0,202093.0,180467.0,166782.0,118530.0,46940.0
1102054,4016321.0,17278.0,3870.0,1257.0,875.0,3254.0,25926.0,34020.0,91050.0,161544.0,138111.0,147804.0,192385.0,225522.0,236607.0,231852.0,288930.0,341333.0,436332.0,512652.0,283436.0,226835.0,199578.0,145612.0,70258.0
1102055,2982197.0,16008.0,3123.0,1279.0,764.0,893.0,6710.0,14960.0,36882.0,58676.0,69645.0,82544.0,107463.0,117444.0,135788.0,156522.0,187321.0,212090.0,299111.0,474449.0,271664.0,264991.0,224968.0,171421.0,67481.0
1102057,877024.0,4470.0,626.0,367.0,277.0,575.0,4524.0,6446.0,13314.0,22063.0,22670.0,24497.0,31317.0,36405.0,41803.0,48510.0,56515.0,68955.0,98862.0,139638.0,72047.0,55267.0,56348.0,46427.0,25101.0
1102058,401309.0,949.0,145.0,54.0,43.0,65.0,2333.0,4433.0,7874.0,12915.0,11081.0,12186.0,15500.0,16355.0,19223.0,27024.0,27239.0,35240.0,41268.0,54956.0,26611.0,22157.0,33557.0,21427.0,8674.0
1102059,1393412.0,13243.0,5272.0,3511.0,2812.0,4443.0,16639.0,13570.0,24084.0,41670.0,39750.0,45812.0,56892.0,66700.0,71839.0,86171.0,101738.0,123305.0,148816.0,168869.0,102178.0,80743.0,83194.0,59805.0,32356.0
1102060,1660103.0,9515.0,1090.0,419.0,249.0,353.0,3809.0,6896.0,14743.0,28619.0,35847.0,48919.0,63962.0,71478.0,80309.0,94525.0,106251.0,127841.0,217963.0,295415.0,128424.0,94967.0,99493.0,83095.0,45921.0
1102065,175298.0,1076.0,338.0,228.0,171.0,326.0,1811.0,3040.0,5248.0,8996.0,7094.0,6929.0,7483.0,9283.0,9677.0,10464.0,11571.0,12935.0,14217.0,15789.0,12767.0,10057.0,9930.0,9718.0,6150.0
1102067,108931.0,506.0,250.0,105.0,72.0,715.0,1997.0,3078.0,5401.0,8815.0,7764.0,6294.0,6101.0,6755.0,6914.0,7178.0,7166.0,7522.0,7140.0,6599.0,5473.0,4279.0,4044.0,3111.0,1652.0
1102068,135002.0,863.0,409.0,130.0,118.0,415.0,2015.0,3555.0,7005.0,11293.0,7550.0,6684.0,7107.0,7304.0,7369.0,6995.0,7925.0,9312.0,10466.0,12426.0,7481.0,5693.0,5480.0,4601.0,2806.0
1102069,787680.0,3888.0,906.0,456.0,497.0,1479.0,16439.0,17940.0,34931.0,59953.0,42189.0,33470.0,36939.0,45008.0,43007.0,44273.0,48006.0,57443.0,64315.0,63634.0,42424.0,36354.0,38642.0,38907.0,16580.0
1102070,103941.0,535.0,559.0,306.0,278.0,678.0,2412.0,3262.0,7843.0,10292.0,8027.0,5625.0,5400.0,5771.0,6306.0,6199.0,5734.0,6562.0,6277.0,5961.0,4404.0,3506.0,3289.0,2884.0,1831.0
1102071,650735.0,1926.0,196.0,66.0,99.0,339.0,9472.0,15998.0,37589.0,59442.0,44386.0,33121.0,33094.0,36791.0,37447.0,36220.0,38674.0,42433.0,48214.0,55769.0,32919.0,26207.0,26742.0,23084.0,10507.0
1102072,70807.0,860.0,178.0,32.0,19.0,25.0,387.0,932.0,2213.0,4448.0,3212.0,2824.0,2974.0,3571.0,3797.0,3879.0,4476.0,5098.0,5353.0,6651.0,5145.0,3991.0,4002.0,4189.0,2551.0
1102073,250454.0,968.0,132.0,47.0,33.0,28.0,3302.0,5905.0,14594.0,22182.0,14809.0,12298.0,13048.0,12099.0,13141.0,13070.0,13676.0,16930.0,19212.0,26990.0,15952.0,10629.0,8981.0,8097.0,4331.0
1103051,161724.0,112.0,29.0,0.0,0.0,0.0,2351.0,4614.0,12133.0,18132.0,12877.0,9725.0,9555.0,10292.0,9090.0,9696.0,9875.0,10915.0,11628.0,9719.0,6445.0,5186.0,4692.0,3236.0,1422.0
1103052,484834.0,1750.0,585.0,362.0,357.0,1501.0,4510.0,8683.0,21506.0,32905.0,24493.0,20179.0,21230.0,24289.0,25846.0,27778.0,31288.0,37302.0,39440.0,43160.0,30548.0,26128.0,27718.0,23284.0,9992.0
1103053,1129379.0,5274.0,1424.0,569.0,409.0,1632.0,9216.0,21933.0,54186.0,82623.0,59089.0,49540.0,52853.0,59296.0,58529.0,62484.0,67307.0,79553.0,92211.0,109970.0,63756.0,55397.0,58061.0,54714.0,29353.0
1103057,158254.0,273.0,7.0,0.0,0.0,245.0,2186.0,5150.0,13119.0,18068.0,11108.0,8722.0,8314.0,8663.0,8947.0,8334.0,9458.0,10323.0,12919.0,14042.0,6272.0,4015.0,3748.0,2957.0,1384.0
1103058,372684.0,786.0,111.0,43.0,44.0,378.0,4198.0,9206.0,24348.0,42521.0,27613.0,21324.0,19816.0,20248.0,21118.0,19101.0,19959.0,23729.0,28226.0,36702.0,16775.0,11832.0,10752.0,9057.0,4797.0
1103059,85507.0,110.0,31.0,19.0,13.0,325.0,1186.0,2339.0,5346.0,7144.0,5533.0,4869.0,4750.0,5431.0,5399.0,5441.0,5725.0,6129.0,5818.0,6200.0,4355.0,3108.0,2898.0,2368.0,970.0
1103063,166840.0,608.0,11.0,16.0,8.0,35.0,1349.0,3182.0,8090.0,11205.0,9517.0,9584.0,9978.0,10303.0,11025.0,11755.0,12183.0,12834.0,13709.0,11774.0,7959.0,7171.0,6772.0,5375.0,2397.0
1103064,77572.0,126.0,24.0,17.0,2.0,111.0,997.0,2843.0,6505.0,7343.0,5283.0,4630.0,4242.0,4135.0,4274.0,4351.0,4516.0,5207.0,5525.0,4621.0,3438.0,3154.0,2891.0,2419.0,918.0
1103065,495432.0,3660.0,1194.0,651.0,855.0,1036.0,6376.0,8947.0,14074.0,22442.0,19665.0,16714.0,19756.0,21779.0,25196.0,28232.0,33000.0,38758.0,44035.0,47516.0,35987.0,30013.0,30966.0,28499.0,16081.0
1103066,128424.0,499.0,115.0,54.0,8.0,96.0,856.0,2667.0,5621.0,8622.0,7387.0,6472.0,6522.0,7143.0,7361.0,8032.0,8282.0,9771.0,10030.0,10092.0,7001.0,6202.0,6615.0,6671.0,2305.0
1103069,236670.0,446.0,67.0,33.0,53.0,458.0,2353.0,6737.0,13626.0,19615.0,14751.0,13803.0,13646.0,16105.0,15429.0,15071.0,16959.0,19039.0,20517.0,16628.0,9317.0,7308.0,6784.0,5483.0,2442.0
1103070,164161.0,358.0,27.0,0.0,0.0,537.0,2366.0,4525.0,10743.0,15980.0,13076.0,10970.0,10425.0,10379.0,10589.0,9625.0,11267.0,12081.0,11100.0,9522.0,6333.0,5157.0,4202.0,3383.0,1516.0
1103071,218968.0,365.0,65.0,28.0,62.0,390.0,1729.0,4831.0,13140.0,18716.0,15626.0,13727.0,13132.0,13404.0,13568.0,13808.0,13525.0,15786.0,14807.0,14353.0,10567.0,8342.0,8504.0,7213.0,3280.0
1103072,244114.0,577.0,146.0,47.0,47.0,453.0,2174.0,5034.0,15266.0,24635.0,16511.0,12628.0,13040.0,13359.0,14140.0,14961.0,15341.0,15784.0,17911.0,21738.0,12417.0,8790.0,8269.0,7128.0,3718.0
1103073,2792753.0,12077.0,1907.0,1023.0,685.0,1460.0,12654.0,29481.0,81094.0,133549.0,103823.0,96720.0,123050.0,136165.0,149292.0,152562.0,195383.0,231422.0,284596.0,323036.0,182853.0,165270.0,171578.0,136511.0,66562.0
1103074,1050117.0,6625.0,1659.0,812.0,993.0,1983.0,8699.0,16754.0,37821.0,60139.0,54220.0,40236.0,42139.0,45562.0,47852.0,53860.0,64993.0,80345.0,99860.0,105212.0,69440.0,60977.0,58529.0,66159.0,25248.0
1104052,532533.0,1289.0,495.0,274.0,188.0,659.0,6742.0,16655.0,43728.0,71653.0,43375.0,29633.0,27488.0,30074.0,29117.0,28286.0,28931.0,30709.0,35361.0,34545.0,23307.0,16776.0,15433.0,11967.0,5848.0
1104054,354128.0,602.0,31.0,5.0,0.0,1363.0,5885.0,10360.0,24073.0,32000.0,21990.0,17664.0,18485.0,20077.0,20354.0,20968.0,21940.0,24600.0,26177.0,27422.0,18230.0,14034.0,13013.0,10674.0,4181.0
1104055,520871.0,1900.0,188.0,140.0,102.0,583.0,5211.0,8387.0,17461.0,28808.0,20759.0,19472.0,25498.0,28610.0,32085.0,34979.0,41494.0,47784.0,56703.0,49166.0,26817.0,21483.0,21932.0,19554.0,11755.0
1104056,1320611.0,8936.0,842.0,707.0,322.0,2147.0,14276.0,21695.0,55544.0,98420.0,64624.0,48496.0,54627.0,63393.0,68224.0,71988.0,81450.0,92483.0,101531.0,107630.0,79591.0,73809.0,83355.0,81865.0,44656.0
1104057,389725.0,754.0,34.0,7.0,0.0,2120.0,7831.0,15176.0,36745.0,52415.0,30619.0,22320.0,20568.0,21945.0,21510.0,19759.0,21225.0,21523.0,22764.0,21775.0,14991.0,11443.0,10362.0,9352.0,4487.0
1104058,135742.0,145.0,0.0,0.0,0.0,259.0,2013.0,5203.0,14342.0,18971.0,12398.0,9276.0,8070.0,7601.0,8135.0,7494.0,7845.0,8165.0,7656.0,6499.0,4268.0,2746.0,2075.0,1660.0,921.0
1104059,301507.0,309.0,11.0,3.0,0.0,31.0,3487.0,10664.0,27873.0,38964.0,23648.0,18267.0,17652.0,17133.0,17993.0,16629.0,17559.0,19153.0,18874.0,17031.0,12269.0,8492.0,7032.0,5741.0,2692.0
1104062,429500.0,790.0,19.0,2.0,0.0,862.0,6886.0,14338.0,35112.0,51615.0,34728.0,25921.0,24473.0,24772.0,25170.0,22666.0,22831.0,25976.0,27632.0,25837.0,18155.0,13855.0,11657.0,10803.0,5400.0
1104065,347112.0,328.0,3.0,0.0,0.0,890.0,3973.0,5669.0,14096.0,23721.0,16563.0,11402.0,12580.0,14973.0,17015.0,18875.0,23404.0,27342.0,36749.0,41655.0,25297.0,17861.0,17348.0,12703.0,4665.0
1104066,742948.0,3093.0,381.0,283.0,230.0,644.0,4054.0,9036.0,18601.0,27672.0,22257.0,18262.0,23466.0,26629.0,30163.0,38539.0,44848.0,58179.0,80909.0,130762.0,66639.0,45484.0,44046.0,34059.0,14712.0
1104067,177458.0,435.0,144.0,88.0,150.0,1630.0,6355.0,7594.0,11982.0,16910.0,14703.0,9183.0,7888.0,8651.0,9248.0,9194.0,9785.0,11082.0,11873.0,12167.0,8150.0,7056.0,6094.0,4688.0,2408.0
1104068,1280068.0,6160.0,811.0,609.0,401.0,395.0,7383.0,11897.0,26171.0,42460.0,33042.0,27701.0,31713.0,39261.0,47978.0,57714.0,70222.0,91246.0,149569.0,242978.0,121169.0,88693.0,86084.0,66780.0,29631.0
1104069,90638.0,107.0,2.0,0.0,0.0,580.0,2592.0,3778.0,6782.0,10039.0,7177.0,5212.0,4835.0,4588.0,5180.0,4550.0,4448.0,5115.0,6835.0,8157.0,3893.0,2290.0,2053.0,1601.0,824.0
1104070,1256030.0,3321.0,561.0,267.0,127.0,518.0,21438.0,41364.0,112547.0,164151.0,90675.0,61151.0,57173.0,61662.0,61181.0,59240.0,63660.0,78881.0,95747.0,115247.0,55965.0,37425.0,32785.0,27296.0,13648.0
1104071,223988.0,1684.0,192.0,71.0,79.0,1440.0,3997.0,5473.0,11602.0,20261.0,13439.0,10654.0,10424.0,11542.0,12333.0,11662.0,12780.0,13826.0,14670.0,17959.0,14604.0,10129.0,10502.0,9484.0,5181.0
1104072,147965.0,142.0,0.0,0.0,0.0,540.0,2041.0,4546.0,10620.0,14597.0,9967.0,8063.0,7869.0,8131.0,8951.0,8718.0,8837.0,10016.0,9866.0,9879.0,7873.0,5298.0,5223.0,4887.0,1901.0
1104073,480667.0,650.0,5.0,1.0,1.0,288.0,4056.0,12406.0,30040.0,43959.0,33354.0,26568.0,26754.0,26587.0,28512.0,31416.0,30469.0,32843.0,36599.0,35074.0,24432.0,18474.0,17017.0,14218.0,6944.0
1105053,1878123.0,17460.0,3446.0,3118.0,1756.0,2067.0,23075.0,31583.0,68778.0,121641.0,91488.0,65079.0,70357.0,80218.0,89616.0,98109.0,114003.0,129302.0,148663.0,152433.0,116717.0,117838.0,125339.0,127445.0,78592.0
1105054,270001.0,2553.0,973.0,557.0,443.0,1092.0,5538.0,8363.0,15753.0,24009.0,17711.0,13141.0,12956.0,14798.0,15552.0,15075.0,15434.0,17254.0,19309.0,19942.0,13800.0,10806.0,10048.0,8886.0,6008.0
1105055,130912.0,1289.0,622.0,273.0,305.0,1890.0,3885.0,4391.0,8561.0,11628.0,8606.0,6696.0,6417.0,6956.0,7129.0,6663.0,6415.0,7292.0,8781.0,9691.0,6957.0,4913.0,4902.0,4124.0,2526.0
1105056,174843.0,909.0,240.0,152.0,159.0,1821.0,3813.0,5922.0,11582.0,16551.0,12992.0,9988.0,8996.0,9741.0,10556.0,9643.0,9601.0,10707.0,11343.0,11455.0,8716.0,6778.0,6007.0,4806.0,2365.0
1105057,461645.0,867.0,200.0,129.0,140.0,1871.0,9922.0,17826.0,39257.0,55748.0,38380.0,26287.0,25291.0,26030.0,25040.0,23579.0,24284.0,29036.0,30669.0,31247.0,19420.0,13177.0,10852.0,8648.0,3745.0
1105058,104875.0,357.0,0.0,0.0,0.0,284.0,1123.0,4783.0,9083.0,9860.0,7087.0,5623.0,5394.0,5818.0,6114.0,5773.0,6289.0,6757.0,6943.0,6951.0,5561.0,3616.0,3517.0,2657.0,1285.0
1105059,1418275.0,5947.0,1113.0,542.0,500.0,1896.0,23104.0,36722.0,90822.0,143640.0,94048.0,62238.0,63901.0,67629.0,72997.0,72336.0,79586.0,94156.0,113504.0,118118.0,71076.0,59580.0,62936.0,52652.0,29232.0
1105060,924767.0,2515.0,172.0,24.0,0.0,804.0,14712.0,29511.0,70800.0,123436.0,79267.0,48806.0,45248.0,46111.0,46057.0,46370.0,50433.0,59888.0,58914.0,62021.0,37484.0,29640.0,29421.0,28568.0,14565.0
1105061,652056.0,1250.0,213.0,120.0,98.0,2205.0,12138.0,23780.0,53117.0,76559.0,47445.0,34257.0,34081.0,37803.0,37653.0,37827.0,38304.0,42604.0,44065.0,41339.0,26333.0,19825.0,18553.0,15971.0,6516.0
1105062,1180052.0,1488.0,41.0,36.0,0.0,106.0,9050.0,26848.0,72535.0,114943.0,89611.0,77759.0,72977.0,71123.0,70407.0,65392.0,70086.0,77090.0,80995.0,86501.0,61116.0,48816.0,40069.0,29740.0,13323.0
1105063,552492.0,1373.0,520.0,144.0,77.0,255.0,6296.0,19030.0,44149.0,55704.0,37402.0,28041.0,28863.0,30025.0,31030.0,31976.0,33088.0,38562.0,39768.0,41001.0,21183.0,20272.0,19282.0,18423.0,6028.0
1105064,192584.0,931.0,405.0,151.0,136.0,458.0,2159.0,6166.0,14337.0,20302.0,14424.0,11055.0,10237.0,10869.0,11328.0,11349.0,10851.0,11955.0,12659.0,13391.0,8551.0,6745.0,6065.0,5048.0,3012.0
1105065,202319.0,288.0,105.0,18.0,29.0,3035.0,5282.0,8420.0,17353.0,24993.0,16051.0,10612.0,10023.0,10164.0,11050.0,10373.0,10558.0,11953.0,12417.0,12624.0,8212.0,6001.0,5532.0,4847.0,2379.0
1105066,199426.0,376.0,73.0,43.0,52.0,511.0,1563.0,4256.0,10140.0,14673.0,10032.0,8213.0,8632.0,9620.0,10332.0,11257.0,12843.0,14179.0,15789.0,17216.0,14098.0,11222.0,10617.0,9200.0,4489.0
1105067,394396.0,1973.0,892.0,793.0,637.0,1872.0,7113.0,12960.0,25700.0,37902.0,28297.0,19023.0,17977.0,18240.0,19180.0,19901.0,22495.0,26506.0,28709.0,28927.0,20756.0,16493.0,16081.0,14052.0,7917.0
1106071,218448.0,1159.0,355.0,129.0,51.0,590.0,1515.0,2534.0,7225.0,11114.0,11048.0,12379.0,13739.0,13046.0,12846.0,16120.0,19519.0,20013.0,21971.0,13175.0,10012.0,8982.0,9880.0,8229.0,2817.0
1106072,896828.0,1728.0,347.0,182.0,125.0,1407.0,10319.0,20578.0,58488.0,90884.0,58689.0,49309.0,48616.0,52385.0,53438.0,52799.0,58151.0,63585.0,68695.0,59266.0,40106.0,31312.0,32942.0,28456.0,15021.0
1106073,336654.0,2763.0,720.0,182.0,131.0,2679.0,5644.0,9419.0,20717.0,28460.0,21358.0,18733.0,18916.0,19760.0,19253.0,19871.0,21866.0,23366.0,24569.0,22894.0,15108.0,12666.0,11346.0,9944.0,6289.0
1106080,363582.0,1802.0,619.0,236.0,232.0,4067.0,6786.0,10045.0,20020.0,28811.0,21908.0,18602.0,18474.0,21280.0,21304.0,21769.0,23339.0,25735.0,25820.0,26687.0,19381.0,16068.0,12936.0,10995.0,6666.0
1106081,2059198.0,9343.0,2446.0,1238.0,971.0,4003.0,30346.0,37578.0,87050.0,139393.0,96743.0,93861.0,109338.0,124640.0,137631.0,147355.0,163908.0,176407.0,186605.0,196959.0,99814.0,72923.0,63219.0,50101.0,27326.0
1106082,837132.0,3887.0,582.0,291.0,234.0,4541.0,12832.0,20070.0,45981.0,67677.0,46728.0,41219.0,45402.0,51210.0,55261.0,55789.0,61722.0,67153.0,68477.0,62012.0,35695.0,27420.0,26505.0,23031.0,13413.0
1106083,1541681.0,6858.0,801.0,322.0,236.0,2833.0,22473.0,30005.0,78009.0,115723.0,75278.0,76621.0,76734.0,93202.0,102437.0,101529.0,117283.0,129995.0,125624.0,118635.0,77760.0,67882.0,55211.0,42443.0,23787.0
1106084,265868.0,624.0,95.0,76.0,81.0,1081.0,5153.0,9428.0,22095.0,26337.0,18528.0,15671.0,15067.0,16398.0,16018.0,15716.0,17531.0,18128.0,17591.0,16489.0,10006.0,7916.0,7018.0,6299.0,2522.0
1106086,317709.0,1037.0,138.0,91.0,157.0,2986.0,7357.0,10882.0,23778.0,31481.0,21091.0,17433.0,15785.0,16781.0,17814.0,17467.0,17282.0,17971.0,21344.0,23977.0,16650.0,11510.0,10497.0,9130.0,5070.0
1106087,542261.0,3730.0,206.0,98.0,142.0,1110.0,6487.0,14955.0,33745.0,45868.0,31242.0,23677.0,23105.0,24896.0,26003.0,26103.0,28954.0,33562.0,41641.0,53515.0,39482.0,25754.0,23890.0,21620.0,12476.0
1106088,439384.0,1216.0,103.0,40.0,15.0,2214.0,8245.0,15273.0,38501.0,44218.0,28240.0,23093.0,23655.0,23951.0,24640.0,23843.0,24478.0,26827.0,29568.0,30171.0,21424.0,15491.0,14915.0,13748.0,5515.0
1106089,386333.0,1354.0,442.0,239.0,203.0,2116.0,5371.0,10756.0,22710.0,32417.0,21271.0,18724.0,20038.0,23175.0,24344.0,23871.0,26767.0,32192.0,31413.0,24327.0,17061.0,13728.0,14679.0,13517.0,5618.0
1106090,278033.0,398.0,84.0,61.0,22.0,1531.0,7002.0,11618.0,33397.0,40920.0,22220.0,16525.0,14919.0,15361.0,14775.0,13329.0,12731.0,15424.0,14730.0,14146.0,9603.0,6278.0,5390.0,4931.0,2638.0
1106091,215337.0,560.0,4.0,0.0,0.0,1327.0,4152.0,7694.0,18592.0,23895.0,16227.0,12255.0,11054.0,11816.0,12194.0,11572.0,11505.0,12163.0,13484.0,15317.0,9829.0,7031.0,6241.0,5496.0,2929.0
1107052,192122.0,739.0,600.0,254.0,375.0,2577.0,5081.0,8692.0,18864.0,24198.0,14163.0,10466.0,10182.0,10363.0,10798.0,9613.0,9180.0,10460.0,11064.0,11139.0,8223.0,4996.0,4880.0,3574.0,1641.0
1107054,316385.0,1048.0,204.0,151.0,172.0,2041.0,8746.0,15493.0,34419.0,42686.0,26154.0,18057.0,16191.0,16182.0,15803.0,14824.0,15635.0,17003.0,17905.0,17135.0,12779.0,8016.0,6850.0,5530.0,3361.0
1107055,133871.0,804.0,314.0,295.0,188.0,1458.0,3160.0,6030.0,14565.0,16278.0,9395.0,7222.0,6689.0,6818.0,6269.0,6151.0,6740.0,7146.0,8209.0,7990.0,6139.0,4260.0,3571.0,2767.0,1413.0
1107057,168403.0,533.0,77.0,31.0,9.0,2066.0,3200.0,4961.0,11418.0,13691.0,10423.0,8596.0,8393.0,9448.0,9946.0,8846.0,9720.0,10657.0,12021.0,12260.0,10402.0,7358.0,7070.0,5239.0,2038.0
1107059,186391.0,166.0,15.0,0.0,0.0,1005.0,4951.0,8482.0,24081.0,24119.0,15452.0,10953.0,10476.0,10860.0,10234.0,9472.0,9912.0,10616.0,9886.0,9451.0,5877.0,3716.0,3176.0,2403.0,1088.0
1107060,1132853.0,7351.0,1262.0,600.0,436.0,4519.0,19647.0,33386.0,84751.0,120533.0,67548.0,49909.0,48857.0,56415.0,59317.0,58980.0,64143.0,73238.0,79955.0,84713.0,64592.0,47457.0,45563.0,39328.0,20353.0
1107061,107364.0,1042.0,353.0,114.0,111.0,845.0,1253.0,2979.0,6955.0,9590.0,6888.0,5610.0,5354.0,5759.0,6381.0,6079.0,6170.0,7236.0,7808.0,7769.0,6038.0,4038.0,3816.0,3356.0,1820.0
1107062,713508.0,2566.0,405.0,362.0,531.0,5366.0,17889.0,28218.0,65726.0,86130.0,53424.0,36995.0,36864.0,37924.0,38166.0,34585.0,34525.0,39040.0,43347.0,45396.0,32934.0,22712.0,21612.0,18681.0,10110.0
1107064,219126.0,1657.0,221.0,107.0,69.0,983.0,1666.0,4561.0,11496.0,17820.0,12871.0,10642.0,10256.0,11710.0,13320.0,13244.0,13649.0,15318.0,15131.0,15940.0,13857.0,10428.0,10111.0,8806.0,5263.0
1107065,397525.0,873.0,284.0,273.0,433.0,2805.0,10362.0,16435.0,39853.0,53310.0,32821.0,23909.0,21716.0,22590.0,21940.0,19899.0,20208.0,21209.0,21925.0,21215.0,13648.0,10952.0,9760.0,7409.0,3696.0
1107068,134593.0,210.0,47.0,0.0,0.0,1792.0,4241.0,7098.0,14228.0,16937.0,9810.0,7629.0,6453.0,7014.0,7233.0,6517.0,6914.0,7877.0,7701.0,7211.0,6394.0,3444.0,2698.0,2189.0,956.0
1107069,693456.0,1001.0,236.0,173.0,304.0,4760.0,13428.0,30353.0,91987.0,92776.0,50315.0,39542.0,36538.0,37290.0,35574.0,34291.0,35347.0,38421.0,42611.0,38309.0,23432.0,15803.0,14211.0,12120.0,4634.0
1107070,304051.0,1746.0,116.0,0.0,0.0,1375.0,3315.0,6825.0,18039.0,23241.0,15851.0,14256.0,14209.0,15264.0,16388.0,16502.0,18229.0,20412.0,22259.0,28030.0,20053.0,14834.0,14111.0,12828.0,6168.0
1107071,831510.0,2617.0,342.0,127.0,58.0,4352.0,18826.0,32253.0,72144.0,98438.0,62076.0,43806.0,39467.0,43692.0,44193.0,40466.0,43853.0,50706.0,51844.0,51453.0,46059.0,29520.0,24052.0,20123.0,11043.0
1107072,774280.0,2246.0,232.0,86.0,54.0,2667.0,14483.0,29954.0,69538.0,90733.0,57168.0,41614.0,39656.0,42422.0,41673.0,40512.0,43953.0,47163.0,47477.0,46826.0,37027.0,26363.0,22899.0,19304.0,10230.0
1107073,583990.0,2344.0,599.0,375.0,170.0,3667.0,10242.0,19479.0,48195.0,52234.0,34465.0,31244.0,31297.0,32510.0,32987.0,34868.0,38653.0,41092.0,41918.0,42940.0,29343.0,19594.0,16883.0,12385.0,6506.0
1108058,411744.0,3059.0,574.0,128.0,78.0,5206.0,5897.0,9101.0,22093.0,32153.0,24114.0,20491.0,20369.0,21494.0,20469.0,21635.0,26554.0,27360.0,27363.0,30527.0,24563.0,19014.0,18022.0,19208.0,12272.0
1108059,166212.0,115.0,9.0,14.0,6.0,474.0,2654.0,6885.0,17711.0,18439.0,13871.0,12363.0,11098.0,11696.0,10471.0,9469.0,9141.0,9779.0,9927.0,8561.0,4975.0,3151.0,2586.0,1911.0,906.0
1108060,590006.0,3418.0,219.0,72.0,140.0,1123.0,4499.0,7250.0,18014.0,24763.0,23777.0,26301.0,31423.0,32705.0,34469.0,36761.0,48294.0,53614.0,63137.0,51347.0,31249.0,25933.0,26772.0,26360.0,18366.0
1108061,433992.0,1886.0,319.0,137.0,121.0,1323.0,6197.0,12118.0,32616.0,54637.0,32640.0,23973.0,22045.0,23852.0,24261.0,23309.0,23330.0,26176.0,28877.0,32767.0,18914.0,13691.0,13079.0,10915.0,6809.0
1108062,355646.0,1083.0,129.0,0.0,2.0,2131.0,5193.0,10650.0,28934.0,35987.0,26141.0,20646.0,21333.0,21712.0,21644.0,21112.0,21606.0,22715.0,23355.0,22008.0,15041.0,10737.0,10116.0,8776.0,4595.0
1108063,312721.0,775.0,125.0,81.0,42.0,2219.0,7272.0,12409.0,30219.0,36546.0,24573.0,20969.0,18886.0,18741.0,18873.0,17229.0,16625.0,17835.0,17620.0,15640.0,11214.0,8055.0,7381.0,6281.0,3111.0
1108064,240591.0,1399.0,109.0,53.0,42.0,597.0,1939.0,4019.0,8790.0,11605.0,10578.0,10481.0,14291.0,12833.0,15648.0,19076.0,19963.0,25602.0,25059.0,16029.0,11333.0,8846.0,9194.0,8841.0,4264.0
1108065,547961.0,1520.0,54.0,0.0,20.0,3793.0,8502.0,16787.0,44961.0,53828.0,39135.0,32004.0,33500.0,33470.0,33731.0,32013.0,32437.0,36611.0,37815.0,33777.0,23416.0,16969.0,15128.0,12241.0,6249.0
1108066,1092774.0,3749.0,631.0,372.0,262.0,5538.0,17350.0,45740.0,115609.0,126054.0,78352.0,60303.0,57576.0,59671.0,58469.0,56378.0,58462.0,68735.0,71331.0,64582.0,42072.0,31201.0,28278.0,28371.0,13688.0
1108068,320228.0,1547.0,353.0,163.0,101.0,3002.0,4612.0,6555.0,14299.0,19987.0,14703.0,13104.0,15337.0,17120.0,18533.0,20232.0,23082.0,24784.0,26243.0,29055.0,20404.0,19984.0,11854.0,10422.0,4752.0
1108071,321429.0,1665.0,203.0,17.0,15.0,1212.0,3905.0,8961.0,20386.0,26702.0,19283.0,16484.0,18756.0,19103.0,18750.0,18854.0,21405.0,23111.0,21916.0,22732.0,16990.0,13549.0,11931.0,10233.0,5266.0
1108072,697791.0,1912.0,153.0,106.0,42.0,1429.0,12433.0,22960.0,62715.0,83122.0,48712.0,36417.0,36597.0,38034.0,38740.0,38550.0,37997.0,42545.0,45170.0,50847.0,31178.0,22272.0,21958.0,15379.0,8523.0
1108076,267930.0,384.0,64.0,34.0,32.0,2824.0,6456.0,13016.0,27317.0,32025.0,21547.0,17338.0,15711.0,15711.0,16447.0,14718.0,14415.0,15031.0,14931.0,12586.0,10208.0,6356.0,5199.0,3804.0,1776.0
1108077,455828.0,1671.0,289.0,155.0,104.0,1945.0,8270.0,17360.0,45252.0,54545.0,30886.0,23639.0,21785.0,23501.0,25770.0,25028.0,23313.0,25515.0,30669.0,28833.0,22907.0,14365.0,12823.0,10885.0,6318.0
1108078,183787.0,846.0,126.0,40.0,14.0,2214.0,2616.0,7095.0,19098.0,20426.0,11627.0,9657.0,9683.0,10021.0,10165.0,10519.0,11029.0,11806.0,12042.0,10828.0,7720.0,5098.0,5038.0,4000.0,2079.0
1108081,418011.0,1248.0,131.0,73.0,60.0,4147.0,6391.0,11164.0,24454.0,34563.0,26820.0,22268.0,21754.0,24013.0,24622.0,24901.0,26222.0,29443.0,29106.0,27615.0,20714.0,17628.0,17054.0,14473.0,9147.0
1108082,1708761.0,9366.0,1583.0,363.0,226.0,2015.0,17453.0,38844.0,95196.0,124628.0,92640.0,81630.0,86245.0,97280.0,103020.0,105471.0,112604.0,129226.0,132835.0,133637.0,86730.0,76146.0,79183.0,67080.0,35360.0
1108083,539460.0,10930.0,2776.0,963.0,745.0,3008.0,4927.0,7235.0,16109.0,27683.0,20462.0,19083.0,21174.0,25268.0,27445.0,30341.0,33463.0,35056.0,38472.0,42706.0,38025.0,34050.0,38073.0,36513.0,24953.0
1108084,550788.0,2212.0,317.0,109.0,132.0,5172.0,11500.0,18727.0,39933.0,50364.0,36646.0,31176.0,29849.0,32381.0,33377.0,31935.0,35168.0,34255.0,35456.0,36214.0,25491.0,18503.0,17730.0,15590.0,8551.0
1108085,913595.0,3764.0,525.0,248.0,357.0,5569.0,18160.0,34108.0,80382.0,101297.0,63303.0,50565.0,49232.0,50874.0,50415.0,46692.0,48340.0,52072.0,55119.0,54262.0,44389.0,31478.0,29347.0,26723.0,16374.0
1109060,1658722.0,10463.0,2348.0,650.0,375.0,3732.0,26589.0,56365.0,128527.0,148933.0,101900.0,82250.0,81801.0,86550.0,88472.0,87111.0,92549.0,103637.0,114345.0,124124.0,88507.0,68584.0,65622.0,57764.0,37524.0
1109061,262428.0,467.0,7.0,2.0,0.0,1273.0,6479.0,10218.0,24810.0,27835.0,19128.0,16737.0,15441.0,15629.0,15702.0,15582.0,15190.0,16550.0,15616.0,15789.0,9348.0,7205.0,6553.0,4526.0,2341.0
1109062,212641.0,228.0,29.0,50.0,29.0,2297.0,5329.0,9227.0,20696.0,23946.0,16846.0,14331.0,13597.0,12970.0,12952.0,11986.0,12456.0,12961.0,12514.0,11023.0,6889.0,4901.0,3584.0,2601.0,1199.0
1109063,415422.0,683.0,226.0,121.0,548.0,8150.0,11395.0,16788.0,36670.0,42359.0,31113.0,24524.0,24862.0,25719.0,26370.0,25541.0,24796.0,26400.0,24213.0,21699.0,15531.0,10380.0,7976.0,6514.0,2844.0
1109064,289965.0,1052.0,126.0,1.0,0.0,2462.0,6157.0,11547.0,30393.0,34128.0,22449.0,17198.0,16487.0,16826.0,16291.0,15071.0,14712.0,15449.0,16865.0,15131.0,11767.0,8984.0,7752.0,5847.0,3270.0
1109065,630582.0,4148.0,1340.0,800.0,729.0,9168.0,12749.0,15670.0,29973.0,42853.0,30827.0,26384.0,28335.0,30746.0,32164.0,33145.0,35899.0,39755.0,43806.0,51116.0,42544.0,34573.0,32636.0,30332.0,20890.0
1109069,365235.0,544.0,74.0,1.0,0.0,3308.0,8032.0,16780.0,46636.0,48241.0,30726.0,22340.0,19636.0,20724.0,20444.0,18720.0,18284.0,20123.0,19036.0,16205.0,11795.0,8923.0,6672.0,5212.0,2779.0
1109070,763216.0,1931.0,509.0,141.0,190.0,4210.0,15704.0,26237.0,54840.0,67515.0,49359.0,40429.0,42198.0,46222.0,45084.0,45490.0,47942.0,51690.0,52707.0,53057.0,37250.0,26702.0,23870.0,20234.0,9705.0
1109071,991242.0,9116.0,1924.0,632.0,459.0,1461.0,8537.0,15469.0,34598.0,53657.0,38188.0,36481.0,42047.0,46327.0,51981.0,55574.0,67791.0,73946.0,80578.0,88382.0,79856.0,63516.0,55726.0,51223.0,33773.0
1109072,1239939.0,3062.0,685.0,335.0,391.0,7361.0,27473.0,49226.0,112923.0,130362.0,88448.0,70030.0,68366.0,71045.0,72217.0,70736.0,74613.0,78683.0,74189.0,69438.0,49660.0,47024.0,33187.0,27277.0,13208.0
1109073,212927.0,596.0,139.0,0.0,0.0,4295.0,5118.0,8834.0,17957.0,17916.0,13599.0,12193.0,12030.0,13105.0,12835.0,13302.0,13359.0,13637.0,14351.0,12105.0,9038.0,6466.0,5362.0,4290.0,2400.0
1109074,456595.0,539.0,118.0,131.0,123.0,6367.0,9337.0,16184.0,41169.0,47559.0,31280.0,25594.0,25561.0,27932.0,29047.0,29920.0,29982.0,30978.0,30079.0,24382.0,16582.0,12337.0,10835.0,7819.0,2740.0
1109075,268709.0,507.0,95.0,1.0,0.0,4584.0,6069.0,10145.0,22392.0,26193.0,19099.0,15907.0,16564.0,15848.0,17130.0,16172.0,16223.0,17119.0,16822.0,15327.0,10929.0,7420.0,6471.0,5174.0,2518.0
1110051,239696.0,346.0,20.0,0.0,0.0,400.0,2685.0,9617.0,20829.0,23829.0,17535.0,14731.0,14424.0,14869.0,15721.0,14997.0,14967.0,17229.0,16328.0,13938.0,9592.0,6564.0,5149.0,3791.0,2135.0
1110052,280113.0,860.0,406.0,313.0,343.0,5193.0,7314.0,12293.0,25370.0,27079.0,20419.0,16584.0,16064.0,16447.0,15511.0,14744.0,16584.0,16470.0,16118.0,16000.0,10747.0,8857.0,7813.0,5890.0,2694.0
1110053,232962.0,738.0,349.0,301.0,435.0,5413.0,5130.0,6888.0,13060.0,20934.0,16109.0,12622.0,12070.0,11928.0,12616.0,12903.0,13826.0,15140.0,15158.0,14768.0,12978.0,9448.0,8387.0,7653.0,4108.0
1110054,175271.0,198.0,17.0,0.0,0.0,1093.0,3925.0,9046.0,18122.0,18727.0,12977.0,11766.0,11158.0,10370.0,9759.0,8842.0,10773.0,12836.0,10517.0,8216.0,5401.0,3965.0,3190.0,3404.0,969.0
1110055,477526.0,2269.0,820.0,349.0,337.0,3741.0,11918.0,18196.0,41477.0,44082.0,31102.0,26228.0,26203.0,29409.0,27468.0,26591.0,27648.0,29422.0,31127.0,31300.0,20858.0,15327.0,14668.0,11355.0,5631.0
1110056,131170.0,280.0,12.0,9.0,3.0,474.0,3157.0,5082.0,13544.0,14352.0,10342.0,8604.0,7705.0,8080.0,8021.0,7641.0,7425.0,7972.0,7621.0,6993.0,4852.0,3391.0,2458.0,2041.0,1111.0
1110057,261546.0,471.0,94.0,63.0,205.0,1914.0,6611.0,13700.0,30531.0,30121.0,21267.0,17276.0,15465.0,15898.0,15687.0,14454.0,14240.0,14292.0,14128.0,11215.0,8095.0,5670.0,4840.0,3694.0,1615.0
1110059,1314494.0,6613.0,651.0,125.0,66.0,1202.0,24800.0,56657.0,137802.0,144891.0,94312.0,72707.0,67817.0,70335.0,65109.0,61819.0,64432.0,72454.0,76844.0,78543.0,65064.0,46806.0,42458.0,38618.0,24369.0
1110060,215495.0,697.0,95.0,47.0,63.0,1825.0,4641.0,8788.0,22672.0,24761.0,16548.0,13070.0,12114.0,12046.0,11436.0,10971.0,11225.0,12135.0,12917.0,12488.0,9204.0,6491.0,4872.0,4074.0,2315.0
1110061,148349.0,455.0,0.0,0.0,0.0,165.0,3262.0,5601.0,14881.0,17275.0,10881.0,8823.0,8664.0,8537.0,8928.0,8418.0,8161.0,8609.0,9677.0,8146.0,5984.0,4326.0,3439.0,2674.0,1443.0
1110062,351038.0,2193.0,4.0,0.0,0.0,311.0,3045.0,8073.0,19651.0,24740.0,18689.0,15705.0,15915.0,18793.0,19836.0,19623.0,22546.0,27459.0,26515.0,29396.0,22246.0,16730.0,15832.0,14496.0,9240.0
1110063,944282.0,3498.0,335.0,80.0,91.0,1809.0,15582.0,37909.0,84166.0,85341.0,57812.0,51140.0,51263.0,54525.0,53597.0,51770.0,58054.0,64906.0,66239.0,65535.0,40097.0,31916.0,30111.0,25273.0,13233.0
1110064,306320.0,623.0,279.0,421.0,1157.0,6017.0,5270.0,9989.0,21969.0,28936.0,20971.0,16371.0,15663.0,16264.0,18236.0,17852.0,18750.0,20682.0,21209.0,22140.0,14915.0,10448.0,8831.0,7017.0,2310.0
1110065,674161.0,3263.0,580.0,52.0,17.0,721.0,14941.0,31045.0,84146.0,78177.0,49020.0,36795.0,35040.0,36900.0,37352.0,38016.0,40437.0,42707.0,39673.0,35300.0,21923.0,15014.0,13892.0,11772.0,7378.0
1111051,384449.0,2418.0,204.0,18.0,123.0,1587.0,3656.0,8105.0,20137.0,26369.0,20310.0,16078.0,17278.0,19434.0,20799.0,21667.0,24567.0,28136.0,30646.0,32476.0,25639.0,18674.0,18703.0,16379.0,11046.0
1111052,358317.0,488.0,36.0,38.0,44.0,2243.0,8455.0,15271.0,35705.0,37442.0,26056.0,21266.0,21750.0,23413.0,22050.0,21567.0,23673.0,25697.0,20956.0,16895.0,11187.0,8258.0,7355.0,5879.0,2593.0
1111053,358733.0,700.0,110.0,82.0,99.0,2911.0,6165.0,14019.0,37311.0,38192.0,22996.0,18564.0,19020.0,19652.0,20157.0,20451.0,22029.0,24120.0,23195.0,21453.0,14220.0,10808.0,10096.0,8742.0,3641.0
1111056,702749.0,1441.0,2.0,0.0,0.0,1297.0,10315.0,28190.0,79131.0,81249.0,46904.0,38672.0,38000.0,39147.0,41635.0,39511.0,40726.0,46370.0,48132.0,39257.0,24141.0,18034.0,17282.0,14978.0,8335.0
1111058,322968.0,2531.0,290.0,81.0,318.0,1435.0,3550.0,7137.0,16251.0,19123.0,16340.0,16857.0,17230.0,18454.0,18372.0,18900.0,22697.0,26087.0,23725.0,24007.0,19249.0,15620.0,14626.0,13105.0,6983.0
1111059,688522.0,1664.0,296.0,350.0,282.0,1931.0,10906.0,26736.0,73177.0,81786.0,50098.0,39593.0,38297.0,40830.0,37564.0,36680.0,40551.0,43705.0,43262.0,37263.0,24278.0,19950.0,18086.0,14665.0,6572.0
1111060,241391.0,533.0,11.0,0.0,0.0,239.0,4147.0,9905.0,21996.0,19958.0,14221.0,11609.0,12743.0,13441.0,13994.0,13138.0,13429.0,15484.0,15690.0,15220.0,10279.0,8836.0,10841.0,12836.0,2841.0
1111061,183809.0,413.0,18.0,0.0,0.0,238.0,2330.0,6940.0,16146.0,15145.0,9998.0,8653.0,9429.0,9818.0,9943.0,9797.0,11164.0,12833.0,12015.0,11680.0,8252.0,7866.0,8917.0,9969.0,2245.0
1111064,201369.0,1574.0,10.0,0.0,0.0,403.0,1772.0,3451.0,8342.0,11586.0,9449.0,7302.0,8030.0,9337.0,10576.0,9828.0,11837.0,13692.0,14693.0,18856.0,16776.0,12272.0,12170.0,11693.0,7720.0
1111065,601724.0,1949.0,199.0,24.0,0.0,1737.0,11959.0,25820.0,59828.0,64077.0,42713.0,33039.0,30534.0,33150.0,34281.0,34259.0,35545.0,36955.0,35251.0,35435.0,26160.0,19469.0,17734.0,13831.0,7775.0
1111066,1527740.0,7485.0,567.0,681.0,489.0,1771.0,21277.0,40737.0,93145.0,105308.0,71980.0,66631.0,72113.0,83649.0,85929.0,90404.0,99971.0,110438.0,112233.0,112813.0,84975.0,82265.0,75641.0,69494.0,37744.0
1111069,689817.0,1086.0,44.0,0.0,0.0,904.0,15082.0,38654.0,89948.0,81302.0,52703.0,40984.0,38752.0,39885.0,38116.0,34729.0,34760.0,37799.0,37966.0,32407.0,21395.0,16706.0,15632.0,15011.0,5952.0
1111072,450776.0,287.0,0.0,0.0,0.0,784.0,10912.0,26493.0,66650.0,68570.0,37684.0,28107.0,26108.0,26854.0,25200.0,21911.0,22432.0,22184.0,20027.0,16744.0,10346.0,7433.0,5424.0,4661.0,1965.0
1111073,112647.0,297.0,89.0,1.0,0.0,240.0,1309.0,4248.0,9917.0,10691.0,7824.0,6723.0,6231.0,6705.0,6490.0,6735.0,7870.0,7523.0,7227.0,6827.0,5066.0,3504.0,2997.0,2768.0,1365.0
1111074,195934.0,1862.0,521.0,52.0,129.0,1843.0,2705.0,4837.0,11743.0,14393.0,10706.0,9047.0,9328.0,9904.0,10583.0,10649.0,13018.0,15178.0,13247.0,13747.0,11301.0,9138.0,8350.0,8222.0,5431.0
1111076,326140.0,371.0,6.0,0.0,0.0,1350.0,8779.0,14922.0,40977.0,38905.0,26822.0,20640.0,19661.0,19543.0,19450.0,18569.0,16617.0,18277.0,18378.0,15072.0,9284.0,6442.0,6008.0,4251.0,1816.0
1111077,344471.0,2039.0,713.0,451.0,285.0,2367.0,3205.0,5015.0,13172.0,15446.0,14774.0,16145.0,18750.0,19865.0,20379.0,22915.0,26735.0,28119.0,27302.0,27172.0,20606.0,18228.0,16770.0,16359.0,7659.0
1111078,688039.0,1796.0,437.0,228.0,251.0,3028.0,12077.0,27836.0,70947.0,78020.0,49677.0,38660.0,36880.0,39942.0,36999.0,34567.0,39536.0,45270.0,42278.0,39103.0,26483.0,19931.0,19910.0,16631.0,7552.0
1111079,1079321.0,4873.0,1330.0,923.0,927.0,3223.0,22192.0,36149.0,87924.0,109814.0,69605.0,56066.0,55734.0,59437.0,61322.0,59005.0,61491.0,67822.0,73436.0,71889.0,48694.0,37449.0,37251.0,34400.0,18365.0
1112051,922609.0,2193.0,500.0,258.0,121.0,2850.0,16099.0,37819.0,98772.0,115714.0,74850.0,55329.0,50286.0,51150.0,49460.0,46621.0,46692.0,50186.0,52657.0,55824.0,34795.0,25973.0,23847.0,20948.0,9665.0
1112052,579742.0,7404.0,1610.0,567.0,157.0,3530.0,7566.0,16475.0,39692.0,45248.0,31792.0,28490.0,28397.0,30110.0,29625.0,30118.0,32254.0,37818.0,37796.0,42579.0,36583.0,26272.0,24497.0,24044.0,17118.0
1112055,1244950.0,1943.0,154.0,116.0,57.0,2208.0,27475.0,53246.0,127490.0,155107.0,99254.0,70956.0,67929.0,76709.0,69363.0,65535.0,67153.0,76486.0,68010.0,60106.0,43454.0,35719.0,33990.0,28139.0,14351.0
1112056,503518.0,2680.0,766.0,323.0,158.0,1830.0,7491.0,17460.0,43008.0,54624.0,34260.0,26544.0,25829.0,27239.0,26884.0,25731.0,28449.0,32849.0,30187.0,29743.0,23754.0,18900.0,18219.0,16600.0,9990.0
1112057,288751.0,469.0,180.0,85.0,139.0,4751.0,6828.0,13855.0,29359.0,32438.0,22810.0,18466.0,17787.0,17002.0,17054.0,15193.0,16260.0,18221.0,15245.0,13491.0,9241.0,6975.0,6273.0,5075.0,1554.0
1112058,960780.0,3127.0,508.0,167.0,92.0,2622.0,15063.0,28616.0,71836.0,88804.0,57887.0,46902.0,48823.0,53330.0,55161.0,57384.0,63732.0,69888.0,69846.0,67950.0,46455.0,37435.0,34128.0,27425.0,13599.0
1112059,516008.0,2757.0,105.0,0.0,0.0,4212.0,8575.0,15193.0,35019.0,42286.0,29779.0,24228.0,24761.0,27778.0,28454.0,28553.0,29972.0,33526.0,35849.0,38635.0,31516.0,23179.0,21729.0,19387.0,10515.0
1112060,185338.0,347.0,73.0,0.0,0.0,829.0,3706.0,10135.0,21948.0,21499.0,15175.0,11345.0,10932.0,10829.0,10216.0,9710.0,9952.0,10916.0,10865.0,9294.0,5608.0,4170.0,3503.0,2779.0,1507.0
1112065,777619.0,2134.0,460.0,175.0,120.0,3273.0,15881.0,33329.0,83888.0,105518.0,60962.0,44584.0,42806.0,43358.0,42018.0,38299.0,38824.0,42708.0,42251.0,41711.0,29356.0,20851.0,19653.0,17393.0,8067.0
1112066,538315.0,1077.0,76.0,20.0,9.0,1681.0,13569.0,25436.0,63982.0,76960.0,45345.0,31972.0,28850.0,30005.0,28100.0,26536.0,27154.0,32447.0,28310.0,24961.0,17205.0,11632.0,10804.0,8106.0,4078.0
1112067,539879.0,2529.0,465.0,148.0,50.0,1601.0,10392.0,22240.0,49683.0,65466.0,40491.0,28595.0,27025.0,27704.0,27814.0,25454.0,27050.0,30565.0,32857.0,35918.0,25893.0,18165.0,16441.0,15107.0,8226.0
1112068,228067.0,1099.0,251.0,66.0,104.0,1841.0,4121.0,9161.0,22804.0,25965.0,15679.0,12112.0,11444.0,11732.0,11471.0,11295.0,13270.0,16106.0,17054.0,16193.0,8834.0,5716.0,5311.0,4199.0,2239.0
1112071,1264232.0,5396.0,1058.0,596.0,290.0,4020.0,16817.0,46027.0,125925.0,129299.0,83033.0,66231.0,66392.0,68175.0,68145.0,72736.0,82258.0,90988.0,85198.0,73777.0,51555.0,41006.0,38491.0,32188.0,14631.0
1112072,324077.0,1361.0,649.0,601.0,172.0,4647.0,6246.0,12202.0,24081.0,27264.0,20879.0,17670.0,17598.0,19500.0,18928.0,20094.0,22879.0,22705.0,19946.0,18575.0,13989.0,11077.0,9752.0,8579.0,4683.0
1112073,331718.0,1331.0,438.0,229.0,212.0,2889.0,4071.0,8871.0,19402.0,25981.0,19229.0,17101.0,17770.0,19381.0,20261.0,19635.0,20950.0,23385.0,23869.0,24984.0,19038.0,13716.0,12289.0,11416.0,5270.0
1112074,418262.0,2302.0,340.0,166.0,156.0,5474.0,9055.0,15969.0,31795.0,37620.0,27550.0,21918.0,21473.0,22564.0,22387.0,21227.0,23080.0,25780.0,26993.0,26857.0,21222.0,16418.0,15810.0,14501.0,7605.0
1113052,517082.0,752.0,143.0,72.0,53.0,3849.0,11052.0,15313.0,35329.0,48538.0,40120.0,32496.0,34361.0,36019.0,33686.0,32078.0,33582.0,36051.0,35931.0,32056.0,18426.0,13375.0,11209.0,8554.0,4037.0
1113062,1150119.0,1582.0,361.0,327.0,218.0,4234.0,17934.0,40836.0,103270.0,124779.0,86240.0,69803.0,67008.0,70215.0,67298.0,64015.0,65477.0,73249.0,73881.0,70510.0,45833.0,34931.0,30682.0,24672.0,12764.0
1113064,277438.0,592.0,18.0,0.0,0.0,1277.0,3638.0,9339.0,20917.0,21951.0,17230.0,14999.0,15170.0,16242.0,15849.0,16480.0,16952.0,18710.0,19182.0,19445.0,15414.0,11515.0,10269.0,9403.0,2846.0
1113065,167778.0,2522.0,405.0,87.0,83.0,64.0,1369.0,2452.0,6565.0,9064.0,7410.0,7399.0,7795.0,8774.0,9463.0,10172.0,11049.0,12303.0,12898.0,13930.0,11391.0,9325.0,9219.0,7846.0,6193.0
1113066,206065.0,1136.0,147.0,18.0,29.0,257.0,2478.0,7193.0,16226.0,17219.0,12198.0,11659.0,11308.0,11967.0,11954.0,12746.0,12782.0,14551.0,14657.0,13739.0,9925.0,7643.0,6933.0,5986.0,3314.0
1113068,606446.0,1298.0,200.0,104.0,136.0,2951.0,10302.0,19495.0,46423.0,56954.0,42286.0,35720.0,35096.0,36893.0,36416.0,38718.0,45044.0,46280.0,41340.0,34124.0,22401.0,17247.0,16563.0,14050.0,6405.0
1113069,377077.0,1518.0,480.0,215.0,106.0,3652.0,6184.0,13674.0,37548.0,40443.0,25085.0,21059.0,21672.0,23410.0,22236.0,20964.0,21709.0,23411.0,23418.0,22208.0,15143.0,10419.0,9585.0,8257.0,4681.0
1113070,370319.0,972.0,218.0,115.0,137.0,1373.0,5686.0,13194.0,29393.0,32726.0,24292.0,20528.0,21107.0,21938.0,23409.0,22966.0,23863.0,27676.0,26055.0,20624.0,14959.0,12781.0,11699.0,9844.0,4764.0
1113071,170556.0,436.0,96.0,2.0,0.0,2681.0,3932.0,9891.0,20184.0,19743.0,13749.0,10679.0,9820.0,9886.0,9713.0,8608.0,8638.0,8985.0,9080.0,8374.0,5246.0,3411.0,3318.0,2726.0,1358.0
1113072,324997.0,1219.0,210.0,26.0,13.0,3558.0,5132.0,11490.0,24156.0,30153.0,22255.0,17232.0,16262.0,17297.0,18121.0,17804.0,19082.0,20486.0,21464.0,22314.0,16887.0,12099.0,11765.0,10418.0,5554.0
1113073,1306404.0,4074.0,699.0,289.0,212.0,1253.0,9745.0,22947.0,55205.0,84455.0,60358.0,52593.0,60949.0,63096.0,63623.0,68864.0,77296.0,92229.0,139271.0,207564.0,68976.0,55562.0,54980.0,42558.0,19606.0
1113074,210649.0,933.0,461.0,230.0,220.0,430.0,1973.0,4317.0,9412.0,13118.0,10770.0,10500.0,10817.0,11933.0,12395.0,12673.0,13951.0,15691.0,16359.0,17583.0,13439.0,10832.0,10805.0,9737.0,2070.0
1113075,2439218.0,20488.0,3553.0,2066.0,1220.0,2236.0,19135.0,34311.0,71337.0,117838.0,92919.0,86566.0,101146.0,127700.0,137916.0,142187.0,166586.0,197482.0,221230.0,206336.0,149828.0,144908.0,151111.0,156573.0,84546.0
1113076,864753.0,3982.0,512.0,110.0,55.0,3899.0,12433.0,21833.0,44732.0,59111.0,49044.0,43800.0,44567.0,50256.0,53253.0,52525.0,56261.0,65187.0,68439.0,70821.0,46657.0,35708.0,35884.0,29578.0,16106.0
1114059,561209.0,1723.0,224.0,179.0,99.0,216.0,3634.0,10735.0,33039.0,46200.0,27577.0,23214.0,24687.0,27926.0,29753.0,29471.0,29959.0,33524.0,46829.0,66682.0,30212.0,27370.0,31390.0,25552.0,11014.0
1114060,1208804.0,5232.0,1054.0,637.0,556.0,1134.0,10963.0,22078.0,58428.0,89673.0,60215.0,51749.0,56353.0,71947.0,74333.0,72416.0,81270.0,93663.0,110680.0,99810.0,64049.0,54452.0,54480.0,50895.0,22737.0
1114061,108473.0,658.0,242.0,99.0,124.0,212.0,1167.0,2285.0,4681.0,6877.0,5573.0,4849.0,5809.0,7102.0,6678.0,7063.0,8030.0,9547.0,7857.0,7360.0,5554.0,4627.0,5037.0,4845.0,2197.0
1114063,67032.0,102.0,3.0,0.0,0.0,0.0,259.0,1797.0,5170.0,7825.0,4991.0,4303.0,4260.0,4370.0,4257.0,4341.0,4164.0,4501.0,4420.0,4318.0,2474.0,1904.0,1633.0,1330.0,610.0
1114066,5813847.0,50227.0,13353.0,8201.0,7762.0,8704.0,63236.0,84478.0,178624.0,263911.0,197915.0,170116.0,193839.0,233832.0,265331.0,290346.0,337073.0,407499.0,481352.0,557625.0,430913.0,393760.0,459208.0,460439.0,256103.0
1114068,204201.0,3698.0,926.0,998.0,662.0,887.0,1693.0,2438.0,5047.0,9834.0,8835.0,7539.0,8369.0,10195.0,11566.0,12646.0,13051.0,14235.0,14778.0,17696.0,14571.0,11510.0,12485.0,11836.0,8706.0
1114069,182097.0,649.0,128.0,93.0,28.0,460.0,2085.0,4863.0,12545.0,18339.0,12886.0,9558.0,9471.0,10905.0,11394.0,11575.0,11332.0,12559.0,13697.0,12129.0,8454.0,6391.0,5371.0,4688.0,2497.0
1114070,139915.0,441.0,68.0,51.0,28.0,563.0,2615.0,4797.0,11384.0,15920.0,10131.0,7213.0,6570.0,7069.0,7483.0,7269.0,7840.0,8739.0,9365.0,9707.0,6676.0,5062.0,4743.0,3975.0,2206.0
1114071,212457.0,2356.0,403.0,210.0,122.0,937.0,2341.0,4250.0,9018.0,13600.0,10969.0,8958.0,9584.0,10741.0,12560.0,12474.0,13328.0,14968.0,15691.0,16136.0,13139.0,10771.0,12008.0,11251.0,6642.0
1114072,228192.0,592.0,124.0,46.0,59.0,1214.0,3048.0,5093.0,14277.0,21062.0,16324.0,12761.0,11638.0,13068.0,13855.0,13133.0,14628.0,16796.0,17035.0,19489.0,11028.0,7756.0,6813.0,5385.0,2968.0
1114073,883111.0,2061.0,132.0,71.0,81.0,1129.0,11452.0,22989.0,65509.0,91869.0,60468.0,46757.0,47519.0,50457.0,52368.0,51887.0,56812.0,62931.0,65563.0,69410.0,39200.0,27647.0,25147.0,21596.0,10056.0
1114074,1473704.0,5057.0,498.0,179.0,195.0,1929.0,15049.0,37206.0,110130.0,141722.0,90290.0,60842.0,59312.0,63519.0,65124.0,65937.0,75305.0,91759.0,137965.0,185965.0,92634.0,58513.0,51147.0,41784.0,21643.0
1114075,211826.0,1800.0,213.0,92.0,116.0,380.0,1312.0,3778.0,9979.0,14725.0,11112.0,9263.0,10429.0,10966.0,11599.0,11966.0,12577.0,14062.0,16558.0,18678.0,13306.0,10956.0,10961.0,10675.0,6323.0
1114076,746898.0,3768.0,73.0,0.0,0.0,555.0,10123.0,17193.0,39130.0,60297.0,41029.0,29619.0,31373.0,36357.0,38529.0,37487.0,42203.0,47274.0,59316.0,70112.0,42967.0,36757.0,39899.0,39323.0,23514.0
1114077,1383962.0,5382.0,697.0,382.0,337.0,1052.0,11316.0,23053.0,66655.0,106335.0,66438.0,54616.0,62742.0,67333.0,71673.0,70389.0,75889.0,90111.0,126752.0,170707.0,81843.0,67236.0,72014.0,60251.0,30759.0
1114078,822803.0,2797.0,438.0,296.0,316.0,1799.0,10389.0,22347.0,62003.0,91532.0,55863.0,44438.0,45823.0,48776.0,48901.0,45257.0,48154.0,55120.0,60101.0,64552.0,34370.0,26466.0,24039.0,19438.0,9588.0
1115051,1742024.0,7172.0,915.0,542.0,302.0,2082.0,16332.0,38506.0,112337.0,144722.0,84007.0,67614.0,72615.0,83587.0,90606.0,94487.0,105520.0,119758.0,136673.0,157979.0,105030.0,97572.0,90810.0,77620.0,35236.0
1115052,821704.0,1281.0,252.0,158.0,139.0,1397.0,15216.0,35629.0,99270.0,114304.0,69041.0,48764.0,44331.0,45845.0,42744.0,38740.0,38800.0,43615.0,46443.0,45738.0,27464.0,20362.0,18388.0,15922.0,7861.0
1115053,599813.0,1182.0,319.0,215.0,218.0,1933.0,10217.0,23028.0,59544.0,74219.0,43467.0,34962.0,33721.0,35070.0,34260.0,31368.0,32748.0,36213.0,37102.0,38970.0,21686.0,16336.0,14427.0,12599.0,6009.0
1115054,277642.0,1097.0,217.0,211.0,114.0,1925.0,5030.0,11279.0,26225.0,28778.0,21411.0,16128.0,16332.0,16717.0,17079.0,15045.0,15550.0,18019.0,16580.0,15455.0,10506.0,7687.0,6704.0,6264.0,3289.0
1115057,132408.0,397.0,5.0,0.0,0.0,1717.0,3675.0,6873.0,14154.0,14608.0,10768.0,8249.0,7422.0,7682.0,7323.0,6489.0,6235.0,7208.0,7649.0,7518.0,4816.0,3450.0,2788.0,2276.0,1106.0
1115058,201486.0,1390.0,234.0,113.0,62.0,1622.0,3599.0,7054.0,16060.0,17741.0,13265.0,10287.0,9700.0,10185.0,10622.0,10246.0,11378.0,12776.0,13560.0,15810.0,11582.0,7242.0,6839.0,6455.0,3664.0
1115059,100237.0,205.0,5.0,0.0,0.0,2146.0,2920.0,3845.0,7245.0,8114.0,5871.0,5984.0,5494.0,5414.0,6086.0,5337.0,6115.0,8773.0,6417.0,6703.0,4412.0,3250.0,2742.0,2164.0,995.0
1115060,173114.0,933.0,137.0,96.0,86.0,1505.0,3529.0,7585.0,18108.0,18744.0,11837.0,9373.0,9283.0,10259.0,9912.0,9013.0,9203.0,10246.0,10427.0,10259.0,6858.0,5418.0,4407.0,3855.0,2041.0
1115061,125660.0,549.0,34.0,1.0,0.0,1036.0,3158.0,5755.0,11845.0,13215.0,8982.0,6942.0,6306.0,6390.0,7093.0,6550.0,8598.0,8782.0,7353.0,7220.0,5331.0,3372.0,3213.0,2698.0,1237.0
1115062,152101.0,205.0,24.0,14.0,22.0,2076.0,3990.0,7729.0,15362.0,15959.0,11199.0,9097.0,8369.0,8938.0,9487.0,8784.0,8081.0,8978.0,8815.0,8496.0,5231.0,3740.0,3337.0,3081.0,1087.0
1115063,177498.0,491.0,93.0,81.0,56.0,2880.0,6474.0,9450.0,18535.0,18384.0,13222.0,10956.0,10525.0,10357.0,9494.0,9046.0,9207.0,9574.0,9866.0,8812.0,6118.0,5090.0,4140.0,3220.0,1427.0
1115064,173630.0,289.0,9.0,0.0,0.0,625.0,2942.0,5041.0,12721.0,14162.0,10532.0,9522.0,9222.0,10142.0,10424.0,10804.0,11095.0,12164.0,11996.0,12749.0,8375.0,6869.0,5700.0,5639.0,2608.0
1115065,96026.0,221.0,0.0,0.0,0.0,155.0,996.0,3645.0,8851.0,8104.0,6350.0,5072.0,4976.0,5242.0,6207.0,5782.0,5770.0,6273.0,6582.0,6191.0,3777.0,3565.0,3608.0,3412.0,1247.0
1115066,792075.0,1848.0,448.0,413.0,161.0,4213.0,16082.0,35762.0,91705.0,91406.0,59605.0,45013.0,45926.0,44992.0,43980.0,40802.0,43842.0,53558.0,45590.0,42662.0,25961.0,19284.0,17282.0,14234.0,7306.0
1115069,160591.0,540.0,10.0,0.0,0.0,303.0,1256.0,3827.0,11503.0,10279.0,8666.0,7486.0,7619.0,8141.0,9561.0,9938.0,10794.0,11622.0,11651.0,13837.0,8606.0,7229.0,6975.0,8035.0,2713.0
1115070,347271.0,504.0,23.0,0.0,0.0,454.0,6786.0,15772.0,43210.0,42111.0,27240.0,21236.0,20240.0,20194.0,21228.0,18125.0,18171.0,20523.0,20682.0,18610.0,10089.0,6833.0,6594.0,6059.0,2587.0
1115071,428397.0,1111.0,31.0,0.0,0.0,265.0,4176.0,10754.0,28663.0,32593.0,24138.0,20950.0,21513.0,23368.0,24682.0,24288.0,29198.0,32018.0,33897.0,29692.0,20166.0,16712.0,18266.0,24907.0,7009.0
1115072,834787.0,4964.0,998.0,965.0,497.0,3179.0,15921.0,29791.0,73559.0,95080.0,54481.0,38207.0,37577.0,38795.0,39344.0,39022.0,43316.0,48119.0,52432.0,62314.0,45377.0,32275.0,32224.0,29869.0,16481.0
1116051,403531.0,3122.0,830.0,256.0,248.0,372.0,3004.0,9346.0,25076.0,28645.0,20770.0,17400.0,18053.0,19131.0,21016.0,21471.0,23454.0,26701.0,30430.0,37458.0,27501.0,20056.0,19980.0,18431.0,10780.0
1116052,410140.0,1321.0,209.0,92.0,47.0,379.0,4306.0,12817.0,30760.0,41043.0,26409.0,19453.0,19852.0,21454.0,21620.0,20680.0,22265.0,26429.0,34334.0,46169.0,19515.0,13614.0,12404.0,10033.0,4935.0
1116053,220281.0,941.0,328.0,153.0,141.0,1804.0,4010.0,6594.0,17672.0,21227.0,14559.0,11742.0,11414.0,11877.0,11875.0,12263.0,14938.0,15690.0,14641.0,15933.0,10311.0,6789.0,6422.0,5758.0,3199.0
1116054,975914.0,2021.0,200.0,68.0,86.0,1253.0,18011.0,30536.0,82660.0,97699.0,59097.0,47796.0,49642.0,55068.0,54258.0,52615.0,60443.0,65937.0,72438.0,76574.0,43898.0,33900.0,32613.0,28434.0,10667.0
1116055,256414.0,889.0,62.0,51.0,60.0,2909.0,4733.0,8342.0,19780.0,24467.0,17320.0,13730.0,12907.0,13402.0,13570.0,13003.0,13680.0,14464.0,15972.0,18234.0,15208.0,10662.0,9689.0,8607.0,4673.0
1116057,143770.0,153.0,9.0,0.0,0.0,1832.0,3964.0,7215.0,16600.0,18715.0,12746.0,8966.0,7743.0,8265.0,8159.0,7300.0,7141.0,7325.0,7757.0,6893.0,4475.0,3139.0,2517.0,1906.0,950.0
1116058,130521.0,1732.0,232.0,71.0,91.0,273.0,821.0,1974.0,4067.0,5881.0,4619.0,4812.0,5264.0,6401.0,7181.0,7352.0,8549.0,9530.0,9784.0,12178.0,10902.0,7571.0,8065.0,8394.0,4777.0
1116059,156894.0,475.0,109.0,32.0,32.0,1247.0,3077.0,5618.0,14087.0,17361.0,11115.0,8264.0,8576.0,9062.0,9685.0,8678.0,9729.0,9971.0,9597.0,8822.0,6507.0,5012.0,4397.0,3719.0,1722.0
1116061,435181.0,1997.0,448.0,255.0,266.0,4176.0,6019.0,13246.0,32341.0,39042.0,30205.0,24584.0,24837.0,25602.0,25706.0,24307.0,25254.0,28292.0,28467.0,30877.0,17878.0,14935.0,15603.0,14552.0,6292.0
1116063,249857.0,1166.0,191.0,113.0,79.0,2329.0,3528.0,6302.0,12767.0,14797.0,12245.0,9991.0,10145.0,11911.0,12232.0,12096.0,14457.0,15903.0,18618.0,21856.0,19606.0,14482.0,13866.0,13027.0,8150.0
1116064,1307609.0,4961.0,624.0,439.0,187.0,1532.0,13226.0,30887.0,90482.0,106359.0,59024.0,49992.0,54087.0,61912.0,65063.0,69136.0,78694.0,90678.0,122725.0,149549.0,73183.0,57403.0,57245.0,48127.0,22094.0
1116065,62244.0,375.0,8.0,0.0,0.0,338.0,955.0,1523.0,3171.0,5294.0,4068.0,3665.0,3511.0,4115.0,4005.0,3797.0,3951.0,4744.0,4307.0,5099.0,3155.0,1896.0,1703.0,1573.0,991.0
1116066,60364.0,91.0,6.0,0.0,0.0,321.0,976.0,1978.0,3968.0,5429.0,4288.0,3647.0,3690.0,3758.0,4030.0,3526.0,3858.0,4497.0,4154.0,5641.0,2109.0,1651.0,1273.0,1005.0,468.0
1116067,753445.0,1339.0,570.0,600.0,410.0,930.0,10170.0,28511.0,69160.0,80226.0,49920.0,44723.0,43760.0,47279.0,45337.0,44711.0,49791.0,52308.0,48608.0,42027.0,28834.0,21478.0,19522.0,17130.0,6101.0
1116069,494093.0,1509.0,331.0,167.0,114.0,2889.0,9905.0,16616.0,40259.0,52428.0,34203.0,27621.0,27660.0,28037.0,27681.0,27972.0,28247.0,30402.0,32552.0,33043.0,20838.0,17533.0,15636.0,13029.0,5421.0
1116070,525196.0,1351.0,325.0,219.0,105.0,1811.0,8505.0,16838.0,44860.0,54605.0,31711.0,24038.0,24867.0,27302.0,26149.0,25588.0,28766.0,35641.0,49195.0,47728.0,23170.0,17268.0,16041.0,14287.0,4826.0
1116071,1062366.0,1678.0,351.0,245.0,189.0,2391.0,10974.0,25107.0,57556.0,67472.0,48207.0,45081.0,52823.0,57214.0,60828.0,68572.0,71615.0,76081.0,89876.0,102176.0,63310.0,51644.0,48959.0,45866.0,14151.0
1116072,234122.0,181.0,15.0,1.0,0.0,1036.0,5779.0,11601.0,28814.0,27734.0,17237.0,14006.0,14316.0,13938.0,13077.0,12955.0,13718.0,14685.0,14160.0,11671.0,6449.0,4976.0,3606.0,3050.0,1117.0
1116073,2216942.0,5313.0,810.0,341.0,556.0,7236.0,56595.0,96719.0,257230.0,338622.0,190412.0,125522.0,114904.0,118994.0,115712.0,101740.0,101676.0,111627.0,115452.0,111999.0,75562.0,55791.0,50128.0,42528.0,21473.0
1116074,964610.0,3641.0,708.0,663.0,316.0,2148.0,7649.0,17017.0,47184.0,60398.0,38745.0,36448.0,41562.0,48644.0,52697.0,55862.0,65176.0,73063.0,88634.0,103399.0,56222.0,49242.0,51134.0,45638.0,18420.0
1117051,2104744.0,12222.0,1253.0,631.0,477.0,6087.0,38095.0,57081.0,152966.0,181080.0,115658.0,85661.0,86508.0,100493.0,107700.0,111335.0,121204.0,137178.0,158136.0,172408.0,115531.0,99795.0,106458.0,89926.0,46861.0
1117052,108861.0,139.0,7.0,9.0,5.0,230.0,1210.0,5729.0,13895.0,13458.0,8809.0,7005.0,6069.0,5722.0,5877.0,5680.0,5916.0,6407.0,5827.0,5734.0,3640.0,2724.0,2126.0,1715.0,928.0
1117054,2582862.0,10793.0,821.0,184.0,297.0,4318.0,56675.0,73099.0,170589.0,239545.0,158445.0,103968.0,99496.0,110490.0,114410.0,111813.0,121815.0,145044.0,223240.0,319331.0,169612.0,114321.0,101851.0,85443.0,47262.0
1117055,214952.0,400.0,33.0,19.0,83.0,1631.0,3837.0,4917.0,9794.0,14024.0,11676.0,10259.0,11294.0,12054.0,12616.0,12589.0,13975.0,14686.0,17238.0,16693.0,12925.0,9736.0,10373.0,9014.0,5086.0
1117056,726867.0,1924.0,104.0,75.0,109.0,8236.0,17737.0,18100.0,41454.0,56161.0,38455.0,29221.0,30050.0,33188.0,36570.0,37227.0,41881.0,48709.0,56911.0,70508.0,45148.0,34652.0,35596.0,29571.0,15280.0
1117061,380233.0,1607.0,372.0,224.0,282.0,2426.0,5627.0,11924.0,28515.0,32815.0,22971.0,19749.0,19828.0,22323.0,20993.0,21883.0,25254.0,29269.0,27039.0,24435.0,15941.0,18384.0,12459.0,10539.0,5374.0
1117062,290015.0,631.0,67.0,0.0,0.0,2888.0,5623.0,14139.0,28013.0,29240.0,21843.0,18862.0,17305.0,18069.0,17410.0,16076.0,17238.0,17528.0,16839.0,15494.0,10358.0,7959.0,6238.0,5492.0,2703.0
1117064,328899.0,1340.0,378.0,288.0,284.0,2784.0,5840.0,11736.0,21195.0,24971.0,18605.0,15297.0,14950.0,15759.0,17260.0,16264.0,18143.0,20301.0,23180.0,25680.0,21452.0,15824.0,15689.0,13584.0,8095.0
1117065,122402.0,119.0,3.0,0.0,0.0,1061.0,2601.0,6487.0,14328.0,13733.0,9605.0,7365.0,7046.0,6978.0,6576.0,6379.0,6616.0,7051.0,7192.0,6463.0,4187.0,3155.0,2463.0,1983.0,1011.0
1117067,417781.0,1008.0,336.0,387.0,315.0,1840.0,9779.0,18776.0,46962.0,49978.0,30240.0,24561.0,23362.0,24757.0,23268.0,20828.0,21464.0,23337.0,22853.0,21132.0,15838.0,11833.0,11131.0,8657.0,5139.0
1117068,673823.0,679.0,65.0,173.0,107.0,2619.0,12502.0,31561.0,84744.0,92203.0,54868.0,37532.0,33353.0,34926.0,33780.0,31411.0,33399.0,37584.0,37762.0,38104.0,24459.0,17469.0,15201.0,12662.0,6660.0
1117069,760457.0,1580.0,201.0,167.0,338.0,1851.0,14608.0,32249.0,87471.0,96941.0,50773.0,36951.0,37661.0,39840.0,36514.0,34366.0,38825.0,50763.0,46455.0,48752.0,32827.0,22148.0,21596.0,17722.0,9858.0
1117070,201309.0,1118.0,128.0,77.0,113.0,3282.0,5602.0,5816.0,10366.0,16038.0,11428.0,9534.0,9115.0,9528.0,10403.0,9933.0,10870.0,12968.0,17706.0,17718.0,12367.0,9052.0,8598.0,6050.0,3499.0
1117071,796918.0,4345.0,339.0,44.0,174.0,6311.0,17130.0,24768.0,54882.0,72643.0,50469.0,40906.0,38880.0,39969.0,40488.0,41030.0,47924.0,56628.0,65679.0,57999.0,34870.0,37940.0,27148.0,21559.0,14793.0
1117072,957700.0,1515.0,307.0,393.0,406.0,4134.0,17383.0,41057.0,96412.0,101453.0,66630.0,50055.0,49882.0,51773.0,49845.0,47981.0,50686.0,58772.0,60648.0,61487.0,45380.0,33845.0,30176.0,24953.0,12527.0
1118051,2238178.0,3946.0,391.0,275.0,297.0,4449.0,21413.0,35846.0,89941.0,129299.0,86173.0,58626.0,61822.0,75134.0,85717.0,95841.0,117967.0,156373.0,299557.0,400226.0,190336.0,123514.0,107734.0,63585.0,29716.0
1118052,739351.0,1247.0,58.0,21.0,16.0,2201.0,11241.0,24545.0,66068.0,70138.0,44187.0,32559.0,32270.0,35574.0,36032.0,35328.0,38711.0,45371.0,66828.0,74462.0,44241.0,28394.0,23236.0,18157.0,8466.0
1118053,280736.0,852.0,146.0,119.0,85.0,4700.0,9468.0,11937.0,26863.0,31073.0,21715.0,15933.0,14549.0,14783.0,14661.0,13769.0,13627.0,14911.0,16577.0,16990.0,12128.0,8606.0,7934.0,6034.0,3276.0
1118054,451560.0,1743.0,576.0,332.0,446.0,7064.0,15213.0,16644.0,35251.0,44424.0,33985.0,25246.0,23376.0,23584.0,23621.0,23274.0,24417.0,25911.0,30604.0,30232.0,23085.0,15065.0,12756.0,9946.0,4765.0
1118055,325490.0,1552.0,264.0,212.0,135.0,4825.0,9076.0,11113.0,21723.0,27351.0,20087.0,15806.0,15822.0,18467.0,17555.0,16232.0,17028.0,19970.0,25408.0,25963.0,18862.0,13280.0,11700.0,8617.0,4442.0
1118057,743788.0,2173.0,265.0,253.0,275.0,2378.0,11314.0,23936.0,60014.0,64291.0,43585.0,36340.0,37541.0,39420.0,40564.0,40675.0,45130.0,48164.0,51985.0,57850.0,40392.0,30614.0,29072.0,24605.0,12952.0
1118058,193968.0,213.0,0.0,0.0,0.0,553.0,3935.0,8543.0,20024.0,19804.0,14002.0,12517.0,12555.0,12514.0,11874.0,11580.0,11845.0,13502.0,10754.0,9737.0,6319.0,4680.0,4043.0,3202.0,1772.0
1118059,107794.0,164.0,22.0,0.0,164.0,1225.0,2475.0,3719.0,8672.0,10929.0,7174.0,5644.0,5402.0,5655.0,5621.0,5466.0,6775.0,7316.0,9226.0,8902.0,4760.0,3034.0,2707.0,1876.0,866.0
1118060,220826.0,106.0,0.0,0.0,0.0,4673.0,9636.0,11679.0,26588.0,27074.0,17617.0,14042.0,12226.0,12539.0,12018.0,10722.0,10745.0,11451.0,11417.0,9831.0,6637.0,4629.0,3495.0,2552.0,1149.0
1118061,349338.0,390.0,69.0,126.0,83.0,5891.0,9358.0,13713.0,34651.0,35975.0,24494.0,19792.0,19094.0,20697.0,19616.0,18984.0,19941.0,23065.0,20099.0,18696.0,13724.0,10333.0,9450.0,7342.0,3755.0
1119054,4025897.0,10459.0,991.0,307.0,177.0,1707.0,22131.0,31226.0,73269.0,118513.0,86458.0,84884.0,117980.0,134974.0,163290.0,208803.0,258008.0,333855.0,604375.0,677482.0,321558.0,299237.0,249436.0,164947.0,61830.0
1119055,937887.0,3266.0,275.0,186.0,104.0,997.0,8309.0,16799.0,48095.0,65840.0,43731.0,35865.0,38929.0,43294.0,46483.0,50719.0,53881.0,63075.0,85925.0,137842.0,54917.0,43229.0,43626.0,34685.0,17815.0
1119056,1612633.0,7300.0,1756.0,711.0,405.0,894.0,17065.0,40315.0,110534.0,151235.0,93901.0,72030.0,73259.0,80307.0,81835.0,80662.0,86293.0,98073.0,122015.0,153585.0,88229.0,72474.0,72921.0,69394.0,37440.0
1119061,355845.0,771.0,175.0,94.0,90.0,601.0,3642.0,9710.0,31995.0,41594.0,21334.0,15508.0,16074.0,17265.0,17777.0,17086.0,18050.0,21003.0,29554.0,43927.0,16248.0,11652.0,10227.0,7744.0,3724.0
1119062,493578.0,1551.0,56.0,8.0,15.0,542.0,5273.0,11748.0,34078.0,46355.0,27054.0,21054.0,22190.0,24891.0,24526.0,23903.0,25909.0,31847.0,48624.0,61293.0,27072.0,17908.0,16491.0,14639.0,6551.0
1119063,559582.0,1719.0,162.0,121.0,96.0,2062.0,15094.0,21011.0,52537.0,79384.0,46374.0,30637.0,27196.0,29323.0,28289.0,25983.0,26530.0,31139.0,35145.0,40382.0,20453.0,14772.0,13256.0,11720.0,6197.0
1119065,189086.0,628.0,67.0,0.0,0.0,1412.0,4733.0,7366.0,16282.0,21608.0,15245.0,12263.0,10872.0,10878.0,10814.0,10773.0,10823.0,11469.0,11830.0,10662.0,6522.0,5119.0,4369.0,3449.0,1902.0
1119066,120339.0,103.0,3.0,0.0,0.0,1750.0,5087.0,6346.0,12824.0,15892.0,10967.0,7384.0,6496.0,6389.0,6590.0,6234.0,5731.0,6573.0,6158.0,5360.0,3380.0,2531.0,2038.0,1674.0,829.0
1119067,117580.0,520.0,40.0,0.0,0.0,1259.0,1992.0,3412.0,8764.0,12451.0,8326.0,6482.0,5434.0,5538.0,6132.0,6117.0,6077.0,7045.0,8067.0,9558.0,6120.0,4349.0,4229.0,3655.0,2013.0
1119068,549108.0,1473.0,33.0,0.0,0.0,1607.0,15979.0,21064.0,50813.0,68024.0,42330.0,29135.0,27540.0,28967.0,27829.0,26697.0,27923.0,32475.0,34694.0,35845.0,22657.0,17383.0,15995.0,13578.0,7067.0
1119069,488712.0,911.0,68.0,73.0,22.0,773.0,6509.0,14126.0,44368.0,65181.0,35101.0,24006.0,23884.0,25757.0,25250.0,25206.0,26213.0,28756.0,34790.0,37150.0,19805.0,16072.0,15972.0,13300.0,5419.0
1119070,164007.0,391.0,65.0,19.0,26.0,1885.0,3315.0,4754.0,9820.0,13462.0,10902.0,10139.0,10246.0,10868.0,9562.0,10215.0,10757.0,10794.0,12464.0,9633.0,6661.0,5081.0,4805.0,6377.0,1766.0
1119071,138114.0,765.0,207.0,59.0,31.0,1407.0,2608.0,3001.0,5420.0,9067.0,6582.0,5852.0,6727.0,6795.0,7126.0,7707.0,8278.0,9621.0,11916.0,12840.0,9219.0,6907.0,6747.0,6085.0,3147.0
1119072,1154437.0,2294.0,219.0,61.0,115.0,1406.0,42956.0,43479.0,88610.0,130352.0,92593.0,60097.0,57789.0,61065.0,61242.0,59807.0,62675.0,69996.0,82857.0,82160.0,48415.0,37410.0,31357.0,24331.0,13151.0
1119073,878755.0,1671.0,59.0,43.0,6.0,2638.0,11111.0,13881.0,33672.0,50988.0,35743.0,33248.0,36795.0,42297.0,43101.0,47659.0,57539.0,69376.0,77777.0,91630.0,57636.0,58628.0,50961.0,43272.0,19024.0
1119074,1524041.0,12577.0,3739.0,2481.0,1880.0,4482.0,14405.0,22241.0,64967.0,110217.0,63388.0,47867.0,54040.0,66318.0,73444.0,83371.0,100572.0,122361.0,137956.0,160131.0,98354.0,87231.0,82484.0,71015.0,38520.0
1119075,150273.0,274.0,7.0,0.0,0.0,432.0,1363.0,6174.0,16448.0,20414.0,14194.0,9241.0,8367.0,8394.0,8071.0,7594.0,7266.0,8099.0,9091.0,8123.0,4908.0,3950.0,3803.0,2679.0,1381.0
1119076,936632.0,4081.0,416.0,278.0,181.0,1748.0,7131.0,18476.0,56777.0,70526.0,43522.0,31592.0,33581.0,38555.0,42643.0,44381.0,49045.0,59603.0,88333.0,136837.0,58130.0,44329.0,46771.0,39927.0,19769.0
1120052,398637.0,3401.0,691.0,462.0,316.0,1598.0,4215.0,8042.0,15128.0,23577.0,18192.0,15802.0,17143.0,18371.0,20280.0,21340.0,22900.0,26892.0,30483.0,38004.0,28138.0,22363.0,23214.0,25294.0,12791.0
1120053,1556154.0,4413.0,415.0,255.0,263.0,2095.0,20094.0,43932.0,114729.0,152370.0,106681.0,83634.0,81703.0,85700.0,86824.0,88525.0,91754.0,106020.0,113371.0,108178.0,72355.0,57867.0,55323.0,50138.0,29515.0
1120054,579931.0,1821.0,246.0,174.0,177.0,1730.0,10677.0,19179.0,43731.0,65451.0,43801.0,33236.0,32076.0,33066.0,34402.0,33251.0,33581.0,35597.0,37554.0,37521.0,24204.0,19233.0,17156.0,14826.0,7241.0
1120055,250931.0,423.0,163.0,94.0,101.0,1263.0,4645.0,8821.0,20659.0,25566.0,18243.0,14039.0,13971.0,14906.0,14905.0,14405.0,13940.0,15800.0,15478.0,14858.0,11536.0,9364.0,8338.0,6589.0,2824.0
1120056,204588.0,157.0,0.0,0.0,0.0,803.0,4176.0,8840.0,20412.0,27138.0,18237.0,13283.0,12456.0,12670.0,12281.0,11262.0,11299.0,12122.0,11960.0,9905.0,6201.0,4315.0,3357.0,2632.0,1082.0
1120063,253212.0,3694.0,1622.0,724.0,483.0,574.0,2700.0,5019.0,12671.0,18174.0,12978.0,9547.0,9644.0,11170.0,12080.0,12746.0,14194.0,15560.0,17271.0,21112.0,16295.0,14183.0,14679.0,15865.0,10227.0
1120065,177111.0,275.0,127.0,98.0,36.0,0.0,2224.0,6377.0,14386.0,15697.0,12664.0,10762.0,10544.0,10358.0,10950.0,10384.0,10419.0,11119.0,11635.0,11720.0,8222.0,6228.0,5814.0,4898.0,2174.0
1120066,350372.0,380.0,25.0,7.0,16.0,77.0,5978.0,13659.0,35432.0,53581.0,35256.0,22964.0,20820.0,20093.0,19569.0,17942.0,17201.0,18066.0,18536.0,15982.0,9765.0,8604.0,7978.0,5764.0,2677.0
1120067,126113.0,23.0,47.0,59.0,58.0,66.0,1198.0,4888.0,13259.0,14408.0,11670.0,9029.0,8204.0,7608.0,7055.0,7128.0,7464.0,8340.0,7592.0,6556.0,4068.0,2663.0,2271.0,1665.0,794.0
1120068,1280323.0,2592.0,54.0,37.0,16.0,1124.0,21240.0,41946.0,107498.0,156805.0,103422.0,70712.0,66975.0,70999.0,68616.0,67822.0,70416.0,78648.0,81846.0,88658.0,51222.0,41198.0,38579.0,33572.0,16326.0
1120069,181561.0,410.0,16.0,12.0,7.0,1007.0,3831.0,5873.0,15100.0,18427.0,13158.0,10763.0,10244.0,10911.0,10399.0,10094.0,10457.0,11657.0,13108.0,10707.0,7269.0,5175.0,5079.0,5509.0,2348.0
1120070,436742.0,1300.0,187.0,92.0,118.0,1351.0,5117.0,10489.0,27024.0,35422.0,26442.0,23010.0,23341.0,23845.0,23655.0,26396.0,28096.0,30065.0,37591.0,46154.0,21402.0,16016.0,13425.0,10854.0,5350.0
1120071,738894.0,3155.0,85.0,0.0,0.0,286.0,8373.0,17087.0,41480.0,51705.0,38194.0,37307.0,39677.0,41475.0,41463.0,46957.0,52385.0,59798.0,65136.0,53472.0,35349.0,30077.0,30066.0,29045.0,16322.0
1120072,1849780.0,6615.0,524.0,311.0,249.0,3021.0,30714.0,48886.0,118416.0,166694.0,107407.0,80051.0,81549.0,90499.0,98789.0,93722.0,99209.0,114115.0,132750.0,142803.0,99080.0,86702.0,97905.0,101559.0,48210.0
1120073,1496765.0,6285.0,681.0,109.0,92.0,278.0,14134.0,31796.0,88741.0,120090.0,86787.0,68815.0,72732.0,79845.0,82152.0,84029.0,89743.0,100749.0,111863.0,122424.0,81427.0,71962.0,74017.0,71512.0,36502.0
1121052,326787.0,864.0,146.0,61.0,66.0,1247.0,5689.0,10597.0,26385.0,34634.0,24512.0,17500.0,16722.0,17872.0,18200.0,18320.0,19332.0,20128.0,22238.0,23961.0,14288.0,13339.0,9066.0,7781.0,3839.0
1121054,118228.0,75.0,0.0,0.0,0.0,259.0,2445.0,5872.0,15449.0,16208.0,10640.0,8289.0,7192.0,6551.0,6755.0,5890.0,5537.0,5943.0,6136.0,5610.0,3483.0,2250.0,1754.0,1237.0,653.0
1121057,466810.0,3912.0,526.0,438.0,349.0,855.0,4974.0,8262.0,18175.0,24824.0,19750.0,18728.0,20734.0,23033.0,24369.0,25734.0,29999.0,32687.0,34498.0,40262.0,34399.0,28153.0,28329.0,27367.0,16453.0
1121058,466992.0,1909.0,626.0,481.0,524.0,3512.0,6029.0,10136.0,16706.0,30967.0,29885.0,24327.0,23274.0,26831.0,28805.0,26614.0,27684.0,31568.0,31708.0,33352.0,26407.0,23236.0,23975.0,23558.0,14878.0
1121061,270149.0,2738.0,743.0,572.0,326.0,2946.0,4509.0,6214.0,14849.0,19648.0,15891.0,12952.0,12567.0,13828.0,15625.0,14619.0,15586.0,16692.0,17887.0,19640.0,15858.0,13138.0,12780.0,13142.0,7399.0
1121062,1011489.0,1667.0,183.0,118.0,187.0,1007.0,13008.0,31089.0,87468.0,136277.0,93504.0,57072.0,51771.0,55198.0,54007.0,50882.0,51042.0,57877.0,61819.0,63050.0,41031.0,32039.0,30932.0,25091.0,15170.0
1121063,2294297.0,12345.0,1686.0,530.0,477.0,2840.0,26147.0,55024.0,144798.0,189107.0,153688.0,108098.0,98588.0,110119.0,114049.0,123290.0,129443.0,135196.0,149230.0,160412.0,119692.0,117432.0,135088.0,133326.0,73692.0
1121064,2445587.0,9996.0,1171.0,1184.0,980.0,3196.0,47078.0,83735.0,202463.0,305210.0,200105.0,126905.0,112561.0,119898.0,116488.0,114390.0,120898.0,133096.0,142560.0,149138.0,117735.0,95525.0,95867.0,88909.0,56499.0
1121065,78201.0,16.0,0.0,0.0,0.0,0.0,831.0,2904.0,6500.0,8527.0,6325.0,4043.0,4085.0,4511.0,4381.0,4247.0,4850.0,5307.0,5515.0,4915.0,4074.0,2920.0,2080.0,1391.0,779.0
1121066,407211.0,846.0,85.0,143.0,252.0,295.0,9263.0,15912.0,39944.0,51529.0,35935.0,25368.0,23101.0,24349.0,24032.0,21617.0,21498.0,22955.0,24198.0,21581.0,13548.0,10512.0,8916.0,7468.0,3864.0
1121068,1770522.0,3600.0,262.0,142.0,100.0,1946.0,48698.0,73344.0,180502.0,281146.0,182766.0,110286.0,92286.0,93354.0,89360.0,79798.0,79256.0,87072.0,92544.0,87904.0,58168.0,42770.0,37748.0,31254.0,16216.0
1121069,648308.0,8733.0,1119.0,949.0,722.0,2076.0,7343.0,12164.0,23123.0,36483.0,25612.0,21210.0,22626.0,25650.0,28450.0,30931.0,37487.0,42547.0,48343.0,60527.0,53255.0,43309.0,44102.0,43559.0,27988.0
1121071,170113.0,329.0,22.0,0.0,123.0,1920.0,4793.0,7515.0,21110.0,19349.0,13242.0,11057.0,9697.0,10137.0,9929.0,9030.0,8964.0,9918.0,9194.0,7897.0,5297.0,3972.0,3016.0,2445.0,1157.0
1121072,800732.0,5347.0,270.0,180.0,307.0,3640.0,9715.0,17133.0,34222.0,55943.0,33763.0,26463.0,24335.0,27713.0,31941.0,33420.0,39725.0,49360.0,61138.0,80516.0,71265.0,53040.0,54212.0,52565.0,34519.0
1121073,718487.0,2105.0,58.0,20.0,24.0,2838.0,10242.0,16927.0,30977.0,43637.0,38312.0,31851.0,34145.0,42528.0,47292.0,43999.0,51885.0,53723.0,66756.0,64208.0,39398.0,30191.0,27194.0,25856.0,14321.0
1121078,411429.0,1182.0,217.0,194.0,225.0,2881.0,6841.0,10760.0,28167.0,33322.0,23677.0,19390.0,19094.0,20979.0,22176.0,22956.0,25203.0,28608.0,28915.0,31474.0,25131.0,19181.0,17668.0,15412.0,7776.0
1121079,275817.0,139.0,0.0,0.0,0.0,666.0,5107.0,10579.0,27638.0,34731.0,22406.0,17890.0,16077.0,16519.0,16408.0,16724.0,15937.0,15979.0,15329.0,13841.0,9633.0,7012.0,5631.0,5088.0,2483.0
1121080,2513655.0,8336.0,339.0,323.0,433.0,5501.0,45711.0,73411.0,199908.0,299698.0,209909.0,137736.0,124639.0,135024.0,143594.0,130632.0,132771.0,143684.0,152737.0,156197.0,105500.0,88688.0,88095.0,83914.0,46875.0
1121081,328707.0,388.0,28.0,0.0,0.0,5497.0,11663.0,15597.0,36134.0,40189.0,29118.0,21184.0,19455.0,20377.0,18134.0,17357.0,17011.0,17905.0,16697.0,14309.0,9688.0,6952.0,5276.0,3923.0,1825.0
1121082,285728.0,1034.0,3.0,0.0,1.0,2043.0,6157.0,9529.0,20736.0,25296.0,17783.0,17777.0,16637.0,17077.0,17498.0,16677.0,18667.0,22700.0,18914.0,17504.0,12778.0,8996.0,7435.0,6582.0,3904.0
1121083,460723.0,1334.0,362.0,292.0,410.0,5154.0,11905.0,16592.0,35069.0,46631.0,34797.0,26544.0,25511.0,25944.0,25470.0,24781.0,27537.0,29053.0,28966.0,28259.0,20819.0,16016.0,13826.0,10260.0,5191.0
1122051,1552022.0,5939.0,620.0,461.0,371.0,633.0,5352.0,19103.0,42737.0,67684.0,54688.0,51394.0,61770.0,68767.0,83530.0,98174.0,104344.0,112785.0,161583.0,206307.0,104172.0,92631.0,98026.0,77381.0,33570.0
1122052,3009609.0,22224.0,1735.0,818.0,507.0,922.0,17141.0,31656.0,67455.0,109301.0,88631.0,79032.0,99673.0,122635.0,143624.0,157342.0,192665.0,223485.0,306316.0,364839.0,235544.0,191966.0,219745.0,217298.0,115055.0
1122053,2136827.0,4610.0,1039.0,594.0,590.0,740.0,8865.0,28036.0,69978.0,115916.0,100930.0,88646.0,103622.0,104815.0,122522.0,126289.0,142280.0,166896.0,223315.0,273600.0,136177.0,102034.0,106101.0,83654.0,25578.0
1122054,375342.0,8244.0,4760.0,2926.0,2059.0,1242.0,2679.0,7735.0,19059.0,25495.0,22021.0,15671.0,14570.0,17513.0,20018.0,20560.0,22464.0,23665.0,25358.0,26120.0,20316.0,18054.0,20641.0,20630.0,13542.0
1122055,414646.0,3148.0,943.0,590.0,405.0,912.0,5665.0,11182.0,27868.0,37488.0,27676.0,21479.0,22402.0,22993.0,23266.0,23718.0,25556.0,31011.0,34572.0,30301.0,18752.0,12377.0,13506.0,11906.0,6930.0
1122056,92585.0,675.0,76.0,0.0,0.0,260.0,1343.0,1504.0,3428.0,5526.0,4898.0,3751.0,3875.0,5253.0,6578.0,7847.0,7145.0,8595.0,8278.0,7676.0,4635.0,3478.0,3744.0,2815.0,1205.0
1122057,615936.0,5424.0,1779.0,943.0,836.0,966.0,5099.0,13132.0,35636.0,54252.0,42715.0,28824.0,28169.0,31097.0,33760.0,34711.0,37917.0,47890.0,47639.0,46677.0,31825.0,24081.0,25963.0,24061.0,12540.0
1122058,295649.0,1410.0,120.0,11.0,13.0,142.0,1561.0,4570.0,11847.0,19354.0,15787.0,12912.0,13813.0,15734.0,17195.0,19773.0,25887.0,35614.0,30330.0,22475.0,13901.0,10170.0,10909.0,8513.0,3608.0
1122059,416442.0,3408.0,443.0,126.0,107.0,301.0,2181.0,4876.0,15359.0,19575.0,14517.0,13077.0,16874.0,21880.0,23971.0,26833.0,31826.0,35221.0,36836.0,36514.0,31352.0,27048.0,24125.0,20982.0,9010.0
1122060,3055166.0,5896.0,512.0,186.0,117.0,732.0,13899.0,22709.0,65047.0,109536.0,121438.0,125558.0,156550.0,178412.0,193217.0,215885.0,246879.0,271084.0,294381.0,275749.0,219638.0,220383.0,161661.0,114252.0,41445.0
1122061,219476.0,602.0,85.0,0.0,0.0,266.0,1651.0,4800.0,14735.0,20388.0,14003.0,11161.0,11858.0,12234.0,12531.0,12450.0,13053.0,14780.0,18205.0,19549.0,11264.0,8527.0,8376.0,6402.0,2556.0
1122062,636887.0,1971.0,133.0,64.0,66.0,437.0,3284.0,11482.0,29075.0,54511.0,39286.0,27437.0,27140.0,30187.0,33963.0,33593.0,37186.0,42797.0,56902.0,80812.0,37771.0,28133.0,28526.0,22640.0,9491.0
1122063,292555.0,402.0,135.0,65.0,51.0,3028.0,4530.0,6487.0,15576.0,27913.0,19335.0,13480.0,12923.0,14428.0,15668.0,16420.0,17374.0,19895.0,22838.0,22653.0,16365.0,12777.0,13265.0,11748.0,5199.0
1122064,761110.0,2347.0,583.0,404.0,341.0,215.0,4252.0,15205.0,37996.0,60765.0,46252.0,35197.0,37070.0,39028.0,43275.0,46780.0,50275.0,57356.0,66400.0,78409.0,39138.0,31239.0,32613.0,25475.0,10495.0
1122065,303556.0,1141.0,227.0,47.0,44.0,1328.0,3556.0,7738.0,18508.0,29342.0,22359.0,17208.0,16437.0,17217.0,18257.0,18716.0,18579.0,21727.0,20970.0,20208.0,14528.0,10870.0,10999.0,9399.0,4151.0
1122066,2120348.0,7034.0,599.0,87.0,33.0,1067.0,13598.0,40698.0,101304.0,149303.0,107554.0,84878.0,85816.0,93109.0,102859.0,110223.0,124995.0,149344.0,206568.0,267296.0,140478.0,109471.0,105120.0,83766.0,35148.0
1122067,706948.0,1972.0,191.0,6.0,90.0,1493.0,5469.0,15197.0,39097.0,58187.0,41331.0,29896.0,30343.0,34692.0,38610.0,38696.0,43617.0,53111.0,72873.0,80602.0,37864.0,28597.0,26827.0,19922.0,8265.0
1122068,280979.0,507.0,61.0,13.0,12.0,614.0,2563.0,6690.0,18410.0,21627.0,15752.0,12989.0,12920.0,14046.0,14862.0,17168.0,21420.0,24435.0,35685.0,28751.0,11874.0,8313.0,6507.0,4245.0,1515.0
1123051,758978.0,6460.0,244.0,0.0,0.0,1680.0,7222.0,9936.0,21918.0,36838.0,35954.0,27798.0,28754.0,34262.0,40060.0,46516.0,54038.0,60466.0,63986.0,68798.0,54960.0,44142.0,48202.0,45170.0,21574.0
1123052,2065923.0,15728.0,2531.0,1777.0,1771.0,3244.0,15469.0,23505.0,47067.0,79289.0,76158.0,62705.0,68086.0,79563.0,91052.0,105435.0,123889.0,144699.0,196931.0,266288.0,176526.0,127825.0,145263.0,136923.0,74199.0
1123053,1588942.0,5547.0,80.0,0.0,0.0,943.0,7238.0,15866.0,31025.0,57785.0,52758.0,41671.0,47124.0,57255.0,67405.0,79645.0,96130.0,114162.0,172357.0,284613.0,159270.0,95992.0,95135.0,75234.0,31707.0
1123058,1747304.0,6883.0,1732.0,740.0,626.0,1044.0,10385.0,23213.0,45284.0,82555.0,62858.0,46120.0,55121.0,69565.0,81611.0,93276.0,114428.0,140619.0,193109.0,258265.0,145254.0,106827.0,103163.0,79194.0,25432.0
1123059,931163.0,4052.0,1141.0,674.0,625.0,1277.0,4551.0,13792.0,31443.0,55629.0,49733.0,34971.0,36429.0,41324.0,46208.0,49019.0,53270.0,64314.0,96224.0,138722.0,72068.0,44626.0,41341.0,34258.0,15472.0
1123060,380019.0,2843.0,574.0,190.0,72.0,534.0,1574.0,4124.0,13196.0,19078.0,16201.0,13482.0,14560.0,19817.0,24157.0,24118.0,26352.0,29400.0,33718.0,29850.0,24660.0,19835.0,22397.0,31366.0,7921.0
1123063,2015953.0,7751.0,979.0,773.0,670.0,1360.0,8595.0,18348.0,41211.0,66376.0,55294.0,54414.0,69039.0,83729.0,93821.0,105079.0,127283.0,159381.0,232691.0,318800.0,165266.0,115723.0,126985.0,121537.0,40848.0
1123064,3810378.0,27167.0,7349.0,5154.0,4295.0,5465.0,20331.0,45467.0,94128.0,147186.0,128915.0,115903.0,136458.0,163895.0,182971.0,200366.0,238464.0,282108.0,426489.0,506937.0,309605.0,220910.0,230961.0,206313.0,103541.0
1123065,485366.0,2795.0,1032.0,897.0,727.0,1292.0,3527.0,10725.0,24420.0,38913.0,28168.0,20948.0,22290.0,24003.0,25995.0,27832.0,31353.0,34743.0,41965.0,45618.0,28004.0,20868.0,19855.0,21046.0,8350.0
1123066,667042.0,2343.0,454.0,213.0,218.0,512.0,4972.0,13219.0,31819.0,44564.0,34247.0,28350.0,30016.0,31069.0,35059.0,38374.0,42335.0,47150.0,64952.0,89194.0,36972.0,28875.0,30953.0,22190.0,8992.0
1123067,820246.0,1683.0,325.0,170.0,100.0,249.0,3868.0,15732.0,39153.0,57940.0,39753.0,32637.0,36076.0,40634.0,44092.0,47263.0,55339.0,63829.0,81120.0,83539.0,49486.0,45539.0,36085.0,34729.0,10905.0
1123068,117586.0,93.0,1.0,0.0,0.0,263.0,737.0,2849.0,7154.0,11511.0,8014.0,6913.0,6692.0,6869.0,7367.0,9126.0,9280.0,12225.0,9648.0,6367.0,4067.0,2753.0,2494.0,2230.0,933.0
1123071,190754.0,175.0,59.0,57.0,41.0,76.0,1350.0,5511.0,14984.0,18280.0,12763.0,10802.0,10254.0,10995.0,11753.0,11134.0,12049.0,13716.0,17628.0,15581.0,7717.0,5708.0,4811.0,3731.0,1579.0
1123072,506610.0,906.0,207.0,99.0,49.0,330.0,3336.0,14332.0,36306.0,40481.0,29707.0,30069.0,31702.0,31499.0,29417.0,30696.0,37830.0,48680.0,55875.0,31243.0,18526.0,12295.0,9717.0,8739.0,4569.0
1123073,102198.0,100.0,0.0,0.0,0.0,520.0,1267.0,2891.0,7707.0,10049.0,7195.0,5931.0,5633.0,5840.0,5977.0,6000.0,6685.0,8143.0,9172.0,6130.0,3657.0,2792.0,2852.0,2350.0,1307.0
1123075,1154545.0,4772.0,750.0,166.0,88.0,1177.0,7982.0,22524.0,58735.0,86672.0,62050.0,63470.0,52364.0,64181.0,64838.0,53423.0,78104.0,84546.0,96445.0,108633.0,65492.0,58448.0,47527.0,47286.0,24872.0
1123076,461121.0,1629.0,529.0,44.0,0.0,1788.0,6712.0,19524.0,46667.0,54901.0,33904.0,26431.0,24672.0,26202.0,25903.0,25364.0,28280.0,31915.0,30196.0,27353.0,15884.0,11078.0,10006.0,8268.0,3871.0
1123077,2055959.0,9034.0,251.0,54.0,0.0,2654.0,14887.0,20381.0,35191.0,60841.0,55605.0,55175.0,70590.0,85472.0,100460.0,122138.0,145228.0,168737.0,206755.0,256349.0,185060.0,159029.0,140775.0,115118.0,46175.0
1123078,578206.0,3553.0,650.0,553.0,596.0,1671.0,6496.0,10349.0,21351.0,45017.0,41412.0,25527.0,24978.0,25460.0,27913.0,30963.0,35177.0,40360.0,48607.0,60981.0,36846.0,26441.0,27900.0,24577.0,10828.0
1123079,2545767.0,7722.0,925.0,311.0,274.0,763.0,10170.0,27547.0,57264.0,80328.0,62722.0,60720.0,80233.0,99372.0,122398.0,142377.0,177242.0,213641.0,309022.0,378401.0,214030.0,173469.0,161563.0,128562.0,36711.0
1123080,384067.0,894.0,170.0,63.0,26.0,227.0,2684.0,10658.0,28628.0,37005.0,25474.0,21086.0,20683.0,20760.0,22231.0,21521.0,25466.0,37457.0,32303.0,26138.0,15187.0,10551.0,11207.0,9475.0,4173.0
1124051,107617.0,332.0,298.0,124.0,188.0,1356.0,4803.0,6267.0,9139.0,11688.0,7693.0,5033.0,4107.0,4906.0,6091.0,4895.0,4799.0,5294.0,5510.0,6056.0,4591.0,4017.0,4973.0,3523.0,1934.0
1124052,197892.0,263.0,165.0,62.0,158.0,752.0,3967.0,6117.0,15100.0,15779.0,12090.0,10047.0,10242.0,10250.0,10482.0,11213.0,13928.0,17844.0,18623.0,14325.0,7489.0,6175.0,4697.0,4186.0,3938.0
1124053,374715.0,1143.0,114.0,209.0,129.0,686.0,7066.0,16963.0,47113.0,48312.0,28009.0,20765.0,18877.0,19558.0,19619.0,17590.0,18270.0,22674.0,23031.0,22201.0,13092.0,9198.0,9238.0,7439.0,3419.0
1124054,91511.0,831.0,36.0,16.0,25.0,971.0,1195.0,2183.0,4767.0,6439.0,5143.0,4598.0,4605.0,4950.0,5230.0,5126.0,5160.0,5954.0,6410.0,7416.0,6278.0,4075.0,3881.0,3836.0,2386.0
1124055,308178.0,282.0,4.0,1.0,0.0,2123.0,8960.0,16801.0,46166.0,44100.0,24364.0,18128.0,16131.0,17012.0,15716.0,14606.0,14316.0,16765.0,15656.0,14076.0,7572.0,5710.0,4715.0,3346.0,1628.0
1124056,193630.0,566.0,0.0,0.0,0.0,1741.0,5288.0,7569.0,16892.0,20956.0,13917.0,11017.0,10584.0,11609.0,11550.0,10754.0,11195.0,12377.0,12855.0,11283.0,7291.0,5707.0,4600.0,3715.0,2164.0
1124057,317516.0,657.0,62.0,22.0,12.0,206.0,3431.0,9163.0,24388.0,26894.0,18148.0,15476.0,15535.0,16695.0,17546.0,16328.0,17627.0,20427.0,23886.0,27654.0,14903.0,13272.0,15225.0,16264.0,3695.0
1124058,384200.0,3496.0,916.0,353.0,168.0,790.0,5210.0,9119.0,24147.0,35871.0,24368.0,16974.0,16035.0,17988.0,18682.0,19571.0,20272.0,23366.0,26205.0,31618.0,19856.0,18214.0,21467.0,19509.0,10005.0
1124059,673821.0,1770.0,143.0,27.0,3.0,1291.0,14818.0,17866.0,35797.0,46914.0,33165.0,27461.0,27508.0,30473.0,30589.0,30947.0,36005.0,43261.0,52654.0,49156.0,26122.0,43299.0,50184.0,53946.0,20422.0
1124060,593468.0,1210.0,125.0,119.0,88.0,1826.0,9466.0,19328.0,52227.0,66761.0,42613.0,33274.0,31794.0,32627.0,33860.0,31215.0,32447.0,38547.0,44320.0,46940.0,22559.0,17299.0,15928.0,13469.0,5426.0
1124061,538228.0,3222.0,405.0,261.0,215.0,1579.0,6311.0,15017.0,36350.0,51790.0,37936.0,26717.0,25384.0,27335.0,29223.0,28280.0,30457.0,34416.0,37595.0,38304.0,26514.0,22639.0,24695.0,22355.0,11228.0
1124062,62291.0,314.0,17.0,3.0,2.0,63.0,742.0,1806.0,5362.0,6215.0,3972.0,3265.0,3059.0,3188.0,3379.0,3519.0,3931.0,5066.0,4263.0,4314.0,2411.0,2128.0,2277.0,2142.0,853.0
1124063,775961.0,4623.0,855.0,189.0,84.0,1109.0,10076.0,19879.0,48802.0,83105.0,53036.0,36979.0,36154.0,40232.0,40283.0,39974.0,43570.0,50844.0,55978.0,60954.0,39031.0,32448.0,33137.0,29604.0,15015.0
1124064,223144.0,984.0,82.0,0.0,0.0,759.0,3418.0,6907.0,16304.0,28235.0,17874.0,12043.0,11071.0,11946.0,12334.0,11904.0,12443.0,13874.0,13642.0,15149.0,9947.0,7401.0,7019.0,6497.0,3311.0
1124065,278069.0,2501.0,595.0,336.0,315.0,2832.0,3780.0,6520.0,12606.0,18821.0,13750.0,12263.0,13005.0,13423.0,14568.0,15386.0,17650.0,18566.0,21427.0,26135.0,16483.0,13282.0,13883.0,13051.0,6891.0
1124066,982905.0,4030.0,1042.0,377.0,173.0,1582.0,11293.0,26567.0,65605.0,82791.0,58579.0,52098.0,52467.0,53586.0,54824.0,56396.0,61755.0,67459.0,76180.0,86008.0,46198.0,39673.0,37453.0,31874.0,14895.0
1124067,582639.0,1384.0,39.0,7.0,9.0,762.0,8154.0,20121.0,52160.0,62337.0,39510.0,33554.0,32146.0,31258.0,31196.0,31334.0,33553.0,37564.0,43008.0,45454.0,22943.0,18820.0,17306.0,13791.0,6229.0
1124068,129134.0,1121.0,292.0,51.0,10.0,656.0,1369.0,3429.0,8420.0,10768.0,7505.0,6024.0,6146.0,6361.0,6820.0,7273.0,8091.0,8679.0,10096.0,11378.0,6574.0,5381.0,5567.0,4592.0,2531.0
1124069,1054935.0,5210.0,2772.0,528.0,154.0,1128.0,7636.0,21234.0,53875.0,75363.0,49580.0,37366.0,37638.0,43714.0,47990.0,51860.0,57610.0,69165.0,119922.0,160408.0,68157.0,49294.0,44336.0,33559.0,16436.0
1124071,522915.0,4564.0,812.0,259.0,217.0,536.0,7824.0,12693.0,32883.0,53100.0,36991.0,25149.0,24821.0,26882.0,27757.0,27242.0,29613.0,33534.0,36150.0,38352.0,25639.0,22096.0,22817.0,20273.0,12711.0
1124075,632622.0,1401.0,250.0,139.0,108.0,185.0,5695.0,14252.0,44554.0,63588.0,43273.0,34961.0,36505.0,36066.0,33988.0,36807.0,40303.0,49031.0,56235.0,50702.0,25247.0,19854.0,17961.0,14253.0,7264.0
1124077,3606263.0,16712.0,1667.0,511.0,365.0,873.0,17412.0,53848.0,121855.0,174796.0,134621.0,107286.0,122102.0,140786.0,161766.0,189137.0,233942.0,273158.0,335156.0,387450.0,282709.0,286443.0,284746.0,209257.0,69665.0
1124078,567949.0,3949.0,221.0,12.0,7.0,76.0,3153.0,9361.0,25052.0,37300.0,28703.0,22819.0,21793.0,23046.0,24502.0,31549.0,34545.0,50440.0,44492.0,48844.0,28598.0,29779.0,54759.0,27549.0,17400.0
1124079,786159.0,3577.0,590.0,527.0,295.0,1431.0,7606.0,17717.0,53251.0,81123.0,54612.0,39883.0,40894.0,41951.0,42667.0,40603.0,45679.0,49078.0,53481.0,50583.0,36225.0,33136.0,35039.0,35409.0,20802.0
1124080,546449.0,6495.0,1379.0,596.0,282.0,2824.0,5136.0,8846.0,18923.0,30325.0,21863.0,17287.0,18955.0,22306.0,25824.0,27811.0,33761.0,38929.0,44971.0,53488.0,43055.0,37088.0,37530.0,31844.0,16931.0
1125051,340423.0,1002.0,518.0,210.0,235.0,3567.0,7813.0,17233.0,41130.0,38917.0,25163.0,19702.0,17948.0,17571.0,18235.0,17343.0,18371.0,20538.0,19951.0,18074.0,12342.0,8309.0,7295.0,6071.0,2885.0
1125053,455363.0,1740.0,388.0,211.0,133.0,788.0,6699.0,17654.0,45898.0,44844.0,28852.0,25714.0,24952.0,26898.0,25694.0,25247.0,26120.0,29241.0,27481.0,26798.0,19602.0,15014.0,16401.0,12673.0,6321.0
1125054,418102.0,672.0,53.0,11.0,7.0,382.0,5013.0,13466.0,35173.0,34128.0,24384.0,22690.0,23841.0,25817.0,24568.0,26798.0,29037.0,33555.0,32575.0,24552.0,16054.0,13645.0,13850.0,13829.0,4002.0
1125055,106129.0,452.0,229.0,99.0,102.0,449.0,957.0,3256.0,9849.0,9993.0,6424.0,5944.0,5179.0,5671.0,5993.0,6358.0,6671.0,8773.0,6800.0,6380.0,4595.0,3691.0,3271.0,3572.0,1421.0
1125056,146346.0,389.0,541.0,251.0,275.0,1480.0,2476.0,4519.0,10668.0,12467.0,9771.0,8499.0,7584.0,8116.0,9779.0,8721.0,9936.0,11273.0,9630.0,9547.0,6379.0,4642.0,4033.0,3881.0,1489.0
1125058,574082.0,548.0,139.0,63.0,37.0,777.0,14689.0,26862.0,73760.0,99139.0,53119.0,32438.0,29893.0,30404.0,28873.0,26207.0,25678.0,28041.0,29054.0,26666.0,15268.0,12180.0,9819.0,7354.0,3074.0
1125059,100203.0,114.0,70.0,55.0,13.0,538.0,2003.0,5022.0,11160.0,11184.0,8152.0,6449.0,6004.0,6206.0,6100.0,5745.0,5240.0,6744.0,5922.0,4999.0,2686.0,2002.0,1708.0,1444.0,643.0
1125061,398968.0,685.0,77.0,148.0,59.0,921.0,8822.0,15948.0,41352.0,44090.0,28795.0,23116.0,22895.0,23249.0,23706.0,21690.0,22901.0,23044.0,23381.0,22551.0,15632.0,11224.0,11278.0,9292.0,4112.0
1125063,133392.0,766.0,290.0,405.0,149.0,1802.0,3382.0,3794.0,6968.0,9050.0,7115.0,6500.0,6482.0,7106.0,7511.0,7262.0,7990.0,8557.0,9658.0,9659.0,7128.0,6712.0,6490.0,5521.0,3095.0
1125065,454657.0,1483.0,84.0,13.0,10.0,93.0,6268.0,13947.0,37226.0,51260.0,32510.0,23307.0,22480.0,21864.0,23712.0,23024.0,24508.0,28658.0,33072.0,42881.0,19890.0,15386.0,15113.0,12373.0,5495.0
1125066,1732484.0,5822.0,399.0,111.0,154.0,340.0,28507.0,49497.0,120085.0,161701.0,99882.0,75776.0,81679.0,92033.0,91675.0,93929.0,105897.0,123791.0,146036.0,143907.0,91060.0,78708.0,63393.0,51899.0,26203.0
1125067,141741.0,621.0,129.0,35.0,31.0,624.0,1854.0,4009.0,8770.0,11201.0,8161.0,6335.0,7013.0,7752.0,8360.0,8042.0,8876.0,9313.0,11092.0,11561.0,7674.0,6046.0,5979.0,5595.0,2668.0
1125070,331987.0,581.0,45.0,6.0,0.0,4.0,4703.0,10941.0,25786.0,31945.0,19679.0,16262.0,16259.0,17209.0,17985.0,18821.0,20266.0,26460.0,28346.0,26630.0,14530.0,11799.0,11234.0,8582.0,3914.0
1125071,487627.0,1336.0,41.0,0.0,0.0,259.0,3801.0,17901.0,48018.0,53703.0,34761.0,27401.0,25242.0,24324.0,21769.0,26191.0,30000.0,32178.0,35939.0,34843.0,21579.0,14597.0,14099.0,13097.0,6548.0
1125072,88925.0,526.0,127.0,25.0,70.0,28.0,67.0,2533.0,8719.0,8665.0,6921.0,5027.0,4791.0,5160.0,5410.0,5348.0,5348.0,6252.0,5949.0,5279.0,4087.0,3055.0,2382.0,1989.0,1167.0
1125073,326816.0,4322.0,880.0,223.0,217.0,696.0,3104.0,7705.0,17582.0,20991.0,14367.0,12048.0,13045.0,14465.0,16642.0,16133.0,19442.0,22109.0,24996.0,28488.0,24007.0,19017.0,17342.0,16998.0,11997.0
1125074,517897.0,1713.0,550.0,647.0,280.0,2756.0,9772.0,18530.0,42811.0,49242.0,32877.0,27738.0,28306.0,30571.0,30605.0,29067.0,31037.0,34017.0,36426.0,35083.0,21266.0,16767.0,16643.0,14580.0,6613.0
1124070,654336.9952380953,2832.9285714285716,542.0142857142857,291.48571428571427,233.9452380952381,1836.4119047619047,8441.65238095238,15973.57380952381,38855.3,51653.9119047619,35923.91904761905,28913.75238095238,30072.27380952381,33050.014285714286,34767.1619047619,35942.86666666667,40074.30952380953,45875.92857142857,54112.85476190476,60577.65,37229.40714285714,30181.678571428572,29424.69761904762,25198.016666666666,12331.240476190476
